fecha,franja,altura_ola_m,periodo_s,direccion_viento,viento_kmh,marea,altura_marea_m,temp_agua_c
2025-07-01,amanecer,0.74,9.3,E,5.6,subiendo,2.94,23.7
2025-07-01,mediodia,0.72,9.6,N,7.8,bajando,1.64,24.1
2025-07-01,tarde,0.74,9.4,NO,10.6,subiendo,2.08,24.2
2025-07-02,amanecer,0.72,7.5,NO,5.7,subiendo,2.58,23.9
2025-07-02,mediodia,0.68,7.5,NO,13.5,bajando,2.1,23.9
2025-07-02,tarde,0.76,7.2,NO,14.9,subiendo,1.63,23.9
2025-07-03,amanecer,1.16,7.0,O,6.5,subiendo,2.13,23.7
2025-07-03,mediodia,1.1,6.8,NO,9.4,bajando,2.44,23.9
2025-07-03,tarde,1.06,6.7,NO,8.3,subiendo,1.36,24.1
2025-07-04,amanecer,0.82,6.2,SO,5.1,subiendo,1.75,23.7
2025-07-04,mediodia,0.82,6.2,NO,11.7,bajando,2.7,24.0
2025-07-04,tarde,0.86,6.5,N,8.8,bajando,1.29,24.3
2025-07-05,amanecer,0.72,6.3,SO,9.7,subiendo,1.46,23.8
2025-07-05,mediodia,0.78,7.2,NO,11.6,subiendo,2.85,24.0
2025-07-05,tarde,0.78,7.8,NO,12.0,bajando,1.41,24.3
2025-07-06,amanecer,0.9,8.6,SO,13.2,bajando,1.28,23.9
2025-07-06,mediodia,1.06,8.7,NO,13.8,subiendo,2.89,24.0
2025-07-06,tarde,1.2,8.0,NO,15.3,bajando,1.74,24.0
2025-07-07,amanecer,1.44,7.2,NO,18.1,bajando,1.27,23.7
2025-07-07,mediodia,1.54,6.8,O,23.8,subiendo,2.84,23.6
2025-07-07,tarde,1.58,6.8,NO,19.8,bajando,2.14,23.6
2025-07-08,amanecer,1.28,7.2,N,3.2,bajando,1.33,23.4
2025-07-08,mediodia,1.16,7.5,N,10.1,subiendo,2.57,23.5
2025-07-08,tarde,1.02,7.4,N,11.6,bajando,2.53,23.6
2025-07-09,amanecer,0.76,6.5,SE,3.1,bajando,1.5,23.5
2025-07-09,mediodia,0.64,6.3,NE,10.9,subiendo,2.18,23.7
2025-07-09,tarde,0.62,6.2,N,13.4,bajando,2.94,23.9
2025-07-10,amanecer,0.56,5.2,SE,3.4,bajando,1.82,23.5
2025-07-10,mediodia,0.5,5.5,N,10.2,subiendo,1.75,23.8
2025-07-10,tarde,0.5,5.7,NE,13.0,bajando,3.35,24.1
2025-07-11,amanecer,0.52,5.2,S,1.5,bajando,2.29,23.6
2025-07-11,mediodia,0.52,5.7,N,9.7,subiendo,1.35,23.9
2025-07-11,tarde,0.48,5.9,NO,6.1,bajando,3.68,24.2
2025-07-12,amanecer,0.64,5.2,SO,10.6,bajando,2.78,23.3
2025-07-12,mediodia,0.58,5.2,NO,9.0,subiendo,1.0,23.4
2025-07-12,tarde,0.5,5.2,NO,8.3,subiendo,3.89,23.5
2025-07-13,amanecer,0.64,5.3,SO,9.3,bajando,3.17,23.1
2025-07-13,mediodia,0.6,5.5,NO,10.7,subiendo,0.71,23.2
2025-07-13,tarde,0.5,5.3,N,4.3,subiendo,3.78,23.4
2025-07-14,amanecer,0.48,6.8,SO,2.2,bajando,3.4,23.1
2025-07-14,mediodia,0.54,7.3,N,7.6,bajando,0.59,23.1
2025-07-14,tarde,0.7,8.1,N,14.5,subiendo,3.49,23.1
2025-07-15,amanecer,0.82,7.5,NO,3.6,subiendo,3.47,22.9
2025-07-15,mediodia,0.92,8.3,NO,8.2,bajando,0.72,23.0
2025-07-15,tarde,0.98,8.7,N,8.7,subiendo,2.98,23.1
2025-07-16,amanecer,1.14,9.6,SE,5.9,subiendo,3.36,22.9
2025-07-16,mediodia,1.12,9.7,NE,12.6,bajando,1.14,23.1
2025-07-16,tarde,1.1,9.6,NE,11.6,subiendo,2.41,23.4
2025-07-17,amanecer,0.92,7.8,S,6.4,subiendo,3.04,23.1
2025-07-17,mediodia,0.8,7.5,N,7.2,bajando,1.75,23.5
2025-07-17,tarde,0.76,7.8,NO,6.8,subiendo,1.81,23.8
2025-07-18,amanecer,0.76,5.8,O,11.0,subiendo,2.54,23.1
2025-07-18,mediodia,0.7,5.7,NO,12.1,bajando,2.4,23.3
2025-07-18,tarde,0.7,6.0,NO,12.0,subiendo,1.38,23.6
2025-07-19,amanecer,0.72,5.0,O,12.9,subiendo,2.02,23.2
2025-07-19,mediodia,0.82,5.2,O,21.0,bajando,2.97,23.2
2025-07-19,tarde,0.78,5.7,NE,12.7,bajando,1.16,23.3
2025-07-20,amanecer,0.8,7.0,O,7.9,subiendo,1.56,23.1
2025-07-20,mediodia,1.3,7.5,NO,17.0,subiendo,3.31,23.1
2025-07-20,tarde,1.46,8.2,NO,13.4,bajando,1.23,23.1
2025-07-21,amanecer,2.12,9.2,SO,14.6,subiendo,1.2,22.8
2025-07-21,mediodia,2.2,8.8,O,24.6,subiendo,3.31,22.9
2025-07-21,tarde,1.98,8.7,NO,16.4,bajando,1.61,22.9
2025-07-22,amanecer,1.42,8.6,S,5.2,bajando,1.07,22.8
2025-07-22,mediodia,1.22,8.3,NE,11.4,subiendo,3.02,23.0
2025-07-22,tarde,1.04,7.9,NE,10.0,bajando,2.24,23.2
2025-07-23,amanecer,0.72,6.8,O,8.3,bajando,1.23,22.9
2025-07-23,mediodia,1.08,6.2,O,22.1,subiendo,2.5,22.8
2025-07-23,tarde,1.32,6.1,NO,21.8,bajando,2.99,22.8
2025-07-24,amanecer,0.88,5.9,O,7.1,bajando,1.7,22.3
2025-07-24,mediodia,0.86,6.5,O,11.5,subiendo,1.88,22.4
2025-07-24,tarde,0.88,6.6,NO,15.1,bajando,3.63,22.5
2025-07-25,amanecer,0.98,7.0,O,8.4,bajando,2.28,22.3
2025-07-25,mediodia,0.86,6.2,NO,14.2,subiendo,1.22,22.5
2025-07-25,tarde,0.84,5.8,NO,14.8,subiendo,3.97,22.5
2025-07-26,amanecer,0.54,5.8,O,6.0,bajando,2.86,22.3
2025-07-26,mediodia,0.52,6.5,NO,11.4,subiendo,0.72,22.5
2025-07-26,tarde,0.56,7.5,N,12.3,subiendo,3.99,22.6
2025-07-27,amanecer,0.78,10.1,SO,12.0,bajando,3.27,22.4
2025-07-27,mediodia,0.86,9.4,O,16.9,subiendo,0.47,22.4
2025-07-27,tarde,0.96,9.3,NO,14.6,subiendo,3.79,22.5
2025-07-28,amanecer,1.02,8.7,N,2.9,bajando,3.45,22.3
2025-07-28,mediodia,0.98,8.0,N,13.2,bajando,0.48,22.4
2025-07-28,tarde,0.88,7.5,N,14.6,subiendo,3.39,22.5
2025-07-29,amanecer,0.98,7.2,NO,10.8,subiendo,3.38,22.3
2025-07-29,mediodia,0.96,7.6,NO,14.8,bajando,0.72,22.3
2025-07-29,tarde,0.9,7.1,NO,15.5,subiendo,2.93,22.4
2025-07-30,amanecer,0.66,6.3,O,8.9,subiendo,3.2,22.2
2025-07-30,mediodia,0.64,6.1,NO,9.7,bajando,1.11,22.3
2025-07-30,tarde,0.66,6.3,NO,12.3,subiendo,2.43,22.5
2025-07-31,amanecer,0.64,6.5,NE,3.4,subiendo,2.93,22.3
2025-07-31,mediodia,0.58,6.7,N,9.6,bajando,1.57,22.6
2025-07-31,tarde,0.64,7.2,N,9.9,subiendo,2.0,22.8
2025-08-01,amanecer,0.52,5.8,O,1.9,subiendo,2.64,22.4
2025-08-01,mediodia,0.48,6.2,NO,9.8,bajando,2.04,22.6
2025-08-01,tarde,0.56,7.2,NO,10.2,subiendo,1.69,22.8
2025-08-02,amanecer,0.64,6.5,O,4.4,subiendo,2.29,22.4
2025-08-02,mediodia,0.7,6.9,N,8.2,bajando,2.41,22.7
2025-08-02,tarde,0.78,7.0,N,14.6,subiendo,1.49,22.8
2025-08-03,amanecer,0.66,6.4,S,7.1,subiendo,1.86,22.4
2025-08-03,mediodia,0.62,6.5,N,8.0,bajando,2.6,22.7
2025-08-03,tarde,0.58,6.7,N,9.6,bajando,1.41,22.9
2025-08-04,amanecer,0.56,5.6,SE,4.9,subiendo,1.52,22.4
2025-08-04,mediodia,0.54,6.3,NE,9.7,subiendo,2.73,22.7
2025-08-04,tarde,0.46,6.9,NO,8.1,bajando,1.56,23.3
2025-08-05,amanecer,0.62,8.5,SO,10.4,bajando,1.28,22.6
2025-08-05,mediodia,0.76,9.2,NO,7.8,subiendo,2.69,22.8
2025-08-05,tarde,0.84,9.0,N,10.0,bajando,1.81,23.1
2025-08-06,amanecer,1.34,8.7,E,6.0,bajando,1.25,22.8
2025-08-06,mediodia,1.28,8.8,NE,11.1,subiendo,2.65,22.9
2025-08-06,tarde,1.34,9.8,N,8.2,bajando,2.29,23.1
2025-08-07,amanecer,1.2,10.2,S,3.6,bajando,1.34,22.6
2025-08-07,mediodia,1.18,10.3,N,6.3,subiendo,2.38,23.0
2025-08-07,tarde,1.06,10.1,NO,8.9,bajando,2.76,23.4
2025-08-08,amanecer,0.68,9.1,S,7.2,bajando,1.56,22.8
2025-08-08,mediodia,0.68,9.1,NO,7.9,subiendo,1.94,23.1
2025-08-08,tarde,0.68,8.8,N,7.8,bajando,3.26,23.4
2025-08-09,amanecer,0.62,7.5,S,4.9,bajando,1.98,22.8
2025-08-09,mediodia,0.64,7.9,O,8.7,subiendo,1.41,23.1
2025-08-09,tarde,0.74,8.6,NO,10.9,bajando,3.67,23.4
2025-08-10,amanecer,1.22,10.6,S,6.9,bajando,2.48,23.0
2025-08-10,mediodia,1.32,10.9,NE,10.8,subiendo,0.91,23.2
2025-08-10,tarde,1.18,10.3,NE,10.3,subiendo,4.03,23.7
2025-08-11,amanecer,0.88,9.2,O,4.1,bajando,3.06,23.2
2025-08-11,mediodia,0.78,8.8,N,7.3,subiendo,0.53,23.9
2025-08-11,tarde,0.7,8.8,O,10.7,subiendo,4.1,24.3
2025-08-12,amanecer,0.66,10.1,E,11.2,bajando,3.5,23.3
2025-08-12,mediodia,0.66,10.1,NE,9.1,bajando,0.35,23.9
2025-08-12,tarde,0.64,9.0,NO,4.7,subiendo,3.94,24.5
2025-08-13,amanecer,0.58,8.4,SO,10.2,bajando,3.77,23.9
2025-08-13,mediodia,0.68,7.9,O,16.8,bajando,0.43,23.6
2025-08-13,tarde,0.88,6.2,O,18.1,subiendo,3.44,23.4
2025-08-14,amanecer,0.6,7.6,S,4.2,subiendo,3.69,23.2
2025-08-14,mediodia,0.52,7.5,NE,10.5,bajando,0.78,23.4
2025-08-14,tarde,0.5,7.0,N,10.3,subiendo,2.76,23.7
2025-08-15,amanecer,0.46,6.7,SE,3.0,subiendo,3.39,23.4
2025-08-15,mediodia,0.46,6.8,E,8.9,bajando,1.41,24.1
2025-08-15,tarde,0.5,6.5,E,13.2,subiendo,2.08,24.6
2025-08-16,amanecer,0.64,8.8,O,2.9,subiendo,2.86,23.6
2025-08-16,mediodia,0.74,8.2,NO,9.9,bajando,2.09,24.0
2025-08-16,tarde,0.7,8.3,NO,9.5,subiendo,1.5,24.2
2025-08-17,amanecer,0.66,8.7,SE,5.4,subiendo,2.28,23.8
2025-08-17,mediodia,0.54,8.4,N,8.6,bajando,2.73,24.0
2025-08-17,tarde,0.46,6.1,O,19.1,subiendo,1.24,24.1
2025-08-18,amanecer,0.42,5.4,O,11.0,subiendo,1.76,23.8
2025-08-18,mediodia,0.44,4.8,NO,12.4,subiendo,3.11,23.8
2025-08-18,tarde,0.5,4.6,NO,11.0,bajando,1.28,23.9
2025-08-19,amanecer,0.52,5.3,SO,5.4,subiendo,1.36,23.6
2025-08-19,mediodia,0.5,5.3,NO,8.3,subiendo,3.18,23.7
2025-08-19,tarde,0.5,5.4,NO,5.6,bajando,1.63,23.7
2025-08-20,amanecer,0.62,4.7,O,16.7,bajando,1.19,23.2
2025-08-20,mediodia,0.82,4.6,O,22.2,subiendo,2.99,23.2
2025-08-20,tarde,1.04,4.8,O,22.5,bajando,2.25,23.2
2025-08-21,amanecer,1.26,5.6,O,20.9,bajando,1.32,22.9
2025-08-21,mediodia,1.06,5.7,NO,16.7,subiendo,2.6,22.9
2025-08-21,tarde,0.92,5.5,NO,15.1,bajando,2.94,23.0
2025-08-22,amanecer,0.68,5.8,O,5.6,bajando,1.57,22.8
2025-08-22,mediodia,0.6,6.3,NO,8.8,subiendo,2.02,22.9
2025-08-22,tarde,0.58,7.2,NO,7.6,bajando,3.54,23.1
2025-08-23,amanecer,0.48,8.2,S,9.1,bajando,2.05,22.8
2025-08-23,mediodia,0.5,8.2,N,9.1,subiendo,1.46,23.1
2025-08-23,tarde,0.48,7.8,NE,14.6,bajando,3.97,23.2
2025-08-24,amanecer,0.48,6.9,SE,2.3,bajando,2.63,22.8
2025-08-24,mediodia,0.42,6.8,N,8.3,subiendo,0.99,23.1
2025-08-24,tarde,0.36,6.9,N,5.1,subiendo,4.09,23.6
2025-08-25,amanecer,0.32,9.4,SO,3.6,bajando,3.06,23.0
2025-08-25,mediodia,0.38,9.4,N,5.3,subiendo,0.64,23.5
2025-08-25,tarde,0.42,10.3,NO,10.8,subiendo,3.99,23.6
2025-08-26,amanecer,1.1,17.7,O,8.4,bajando,3.38,23.2
2025-08-26,mediodia,1.46,15.7,NO,13.0,bajando,0.56,23.3
2025-08-26,tarde,1.9,15.4,N,8.1,subiendo,3.75,23.4
2025-08-27,amanecer,2.12,14.2,O,3.3,bajando,3.5,23.3
2025-08-27,mediodia,2.24,14.2,O,8.0,bajando,0.68,23.3
2025-08-27,tarde,2.06,13.3,N,10.3,subiendo,3.44,23.3
2025-08-28,amanecer,1.94,10.8,O,17.6,subiendo,3.48,23.0
2025-08-28,mediodia,1.98,10.1,O,22.9,bajando,0.96,22.9
2025-08-28,tarde,2.12,10.4,O,22.3,subiendo,3.04,22.9
2025-08-29,amanecer,2.02,10.3,S,18.8,subiendo,3.43,22.8
2025-08-29,mediodia,2.76,9.8,O,18.3,bajando,1.44,22.7
2025-08-29,tarde,2.88,9.7,O,24.0,subiendo,2.67,22.7
2025-08-30,amanecer,1.96,9.2,O,15.7,subiendo,3.19,22.6
2025-08-30,mediodia,1.74,9.2,NO,6.9,bajando,1.88,22.9
2025-08-30,tarde,1.58,9.3,NE,11.9,subiendo,2.26,23.0
2025-08-31,amanecer,1.16,8.8,S,4.0,subiendo,2.86,22.6
2025-08-31,mediodia,1.18,8.8,O,22.2,bajando,2.3,22.7
2025-08-31,tarde,1.46,9.2,NO,5.4,subiendo,1.95,22.6
2025-09-01,amanecer,2.2,11.1,S,7.0,subiendo,2.44,22.4
2025-09-01,mediodia,2.34,10.7,O,23.4,bajando,2.63,22.5
2025-09-01,tarde,2.28,9.9,O,21.1,subiendo,1.76,22.4
2025-09-02,amanecer,2.16,11.3,S,13.1,subiendo,2.02,22.3
2025-09-02,mediodia,1.98,10.7,SO,15.7,subiendo,2.85,22.4
2025-09-02,tarde,1.9,10.1,NO,10.8,bajando,1.74,22.4
2025-09-03,amanecer,1.62,9.7,S,22.6,subiendo,1.69,22.1
2025-09-03,mediodia,1.54,9.8,S,16.6,subiendo,3.01,22.4
2025-09-03,tarde,1.48,9.7,NO,15.3,bajando,1.88,22.4
2025-09-04,amanecer,1.62,9.9,NO,8.9,bajando,1.4,22.1
2025-09-04,mediodia,1.54,9.3,O,15.5,subiendo,2.94,22.1
2025-09-04,tarde,1.94,10.2,NO,15.7,bajando,2.15,22.1
2025-09-05,amanecer,1.44,9.7,S,2.0,bajando,1.25,21.9
2025-09-05,mediodia,1.32,9.7,NE,11.2,subiendo,2.75,22.1
2025-09-05,tarde,1.1,8.8,NE,17.5,bajando,2.61,22.1
2025-09-06,amanecer,0.78,8.4,S,23.6,bajando,1.41,21.9
2025-09-06,mediodia,0.7,8.2,S,30.4,subiendo,2.44,21.9
2025-09-06,tarde,0.56,7.9,SE,16.8,bajando,3.23,22.3
2025-09-07,amanecer,0.68,6.0,S,33.4,bajando,1.74,21.8
2025-09-07,mediodia,0.48,8.6,S,12.7,subiendo,1.86,22.0
2025-09-07,tarde,0.7,8.6,NO,10.2,bajando,3.73,22.0
2025-09-08,amanecer,1.3,9.6,N,11.8,bajando,2.17,21.7
2025-09-08,mediodia,1.6,10.3,N,13.5,subiendo,1.15,21.7
2025-09-08,tarde,1.74,10.4,N,12.1,bajando,4.15,21.6
2025-09-09,amanecer,1.38,10.1,SO,1.7,bajando,2.85,21.5
2025-09-09,mediodia,1.32,10.2,NO,6.0,subiendo,0.61,21.5
2025-09-09,tarde,1.22,10.1,N,4.3,subiendo,4.38,21.6
2025-09-10,amanecer,0.96,9.5,S,10.1,bajando,3.47,21.7
2025-09-10,mediodia,1.2,9.3,O,18.4,subiendo,0.3,21.7
2025-09-10,tarde,1.44,8.8,O,25.8,subiendo,4.26,21.7
2025-09-11,amanecer,1.96,8.8,O,13.4,bajando,3.83,21.6
2025-09-11,mediodia,1.9,9.1,O,8.6,bajando,0.24,21.7
2025-09-11,tarde,1.86,9.6,O,14.0,subiendo,3.75,21.8
2025-09-12,amanecer,1.62,9.4,O,9.4,subiendo,3.86,21.6
2025-09-12,mediodia,1.68,9.8,O,5.2,bajando,0.56,21.7
2025-09-12,tarde,1.82,10.3,NE,9.8,subiendo,3.03,21.7
2025-09-13,amanecer,1.62,10.4,S,0.2,subiendo,3.6,21.6
2025-09-13,mediodia,1.5,10.4,NO,6.8,bajando,1.22,21.6
2025-09-13,tarde,1.6,10.8,NE,5.4,subiendo,2.29,21.7
2025-09-14,amanecer,1.7,11.2,S,11.2,subiendo,3.07,21.6
2025-09-14,mediodia,1.7,10.9,NO,7.6,bajando,1.98,21.9
2025-09-14,tarde,1.82,10.2,NE,5.3,subiendo,1.65,22.2
2025-09-15,amanecer,1.56,9.9,S,5.8,subiendo,2.44,21.6
2025-09-15,mediodia,1.62,10.1,NO,5.4,bajando,2.66,21.8
2025-09-15,tarde,1.7,10.1,N,15.7,subiendo,1.28,21.7
2025-09-16,amanecer,2.16,11.8,E,6.1,subiendo,1.79,21.6
2025-09-16,mediodia,2.14,11.9,NE,10.0,subiendo,3.02,21.7
2025-09-16,tarde,1.92,11.4,NE,13.7,bajando,1.24,21.7
2025-09-17,amanecer,1.36,10.6,S,3.3,subiendo,1.34,21.7
2025-09-17,mediodia,1.18,10.2,N,5.8,subiendo,3.13,21.9
2025-09-17,tarde,1.02,9.7,NO,6.9,bajando,1.53,22.2
2025-09-18,amanecer,0.86,9.7,SE,4.1,bajando,1.06,21.7
2025-09-18,mediodia,0.9,10.2,NE,8.7,subiendo,2.97,21.9
2025-09-18,tarde,0.92,10.2,E,14.2,bajando,2.05,22.3
2025-09-19,amanecer,0.98,10.4,N,1.1,bajando,1.09,21.8
2025-09-19,mediodia,1.02,10.9,N,7.6,subiendo,2.66,22.2
2025-09-19,tarde,0.84,9.8,NE,8.2,bajando,2.67,22.6
2025-09-20,amanecer,0.58,8.8,S,24.7,bajando,1.33,21.9
2025-09-20,mediodia,0.68,6.8,NO,17.4,subiendo,2.26,22.0
2025-09-20,tarde,0.94,5.2,NO,16.3,bajando,3.26,22.0
2025-09-21,amanecer,0.98,7.4,NO,8.0,bajando,1.74,21.7
2025-09-21,mediodia,0.94,7.7,NO,12.8,subiendo,1.79,21.7
2025-09-21,tarde,1.02,7.0,NO,17.6,bajando,3.73,21.6
2025-09-22,amanecer,1.66,7.9,SO,21.1,bajando,2.3,21.4
2025-09-22,mediodia,1.8,8.0,O,28.6,subiendo,1.41,21.3
2025-09-22,tarde,1.9,8.7,O,16.4,bajando,4.01,21.3
2025-09-23,amanecer,1.26,7.8,SE,3.3,bajando,2.69,21.2
2025-09-23,mediodia,0.96,6.7,NE,5.8,subiendo,0.9,21.2
2025-09-23,tarde,0.82,6.6,N,13.5,subiendo,3.91,21.2
2025-09-24,amanecer,0.72,6.0,SO,7.9,bajando,3.01,21.2
2025-09-24,mediodia,0.64,6.3,NO,7.9,subiendo,0.65,21.2
2025-09-24,tarde,0.54,6.7,NO,7.8,subiendo,3.76,21.2
2025-09-25,amanecer,0.48,8.3,SO,6.1,bajando,3.22,21.0
2025-09-25,mediodia,0.44,8.2,O,10.2,bajando,0.59,21.0
2025-09-25,tarde,0.42,8.0,NO,8.7,subiendo,3.49,20.9
2025-09-26,amanecer,0.52,8.4,S,8.1,bajando,3.3,20.8
2025-09-26,mediodia,0.48,9.1,NE,3.6,bajando,0.73,20.9
2025-09-26,tarde,0.48,9.8,NE,9.4,subiendo,3.18,20.9
2025-09-27,amanecer,0.46,9.8,S,5.4,bajando,3.3,20.6
2025-09-27,mediodia,0.38,9.6,E,5.2,bajando,1.06,20.8
2025-09-27,tarde,0.46,10.1,E,7.9,subiendo,2.82,21.0
2025-09-28,amanecer,0.62,11.9,S,0.6,subiendo,3.18,20.6
2025-09-28,mediodia,0.72,11.8,N,9.1,bajando,1.45,20.8
2025-09-28,tarde,0.88,11.1,NO,8.3,subiendo,2.37,20.8
2025-09-29,amanecer,1.08,9.4,O,7.2,subiendo,2.84,20.6
2025-09-29,mediodia,1.04,9.3,N,12.6,bajando,1.83,20.7
2025-09-29,tarde,1.02,9.2,N,7.7,subiendo,1.92,20.7
2025-09-30,amanecer,0.76,8.2,S,9.4,subiendo,2.46,20.5
2025-09-30,mediodia,0.72,8.4,N,8.3,bajando,2.25,20.7
2025-09-30,tarde,0.64,8.4,N,9.0,subiendo,1.63,20.7
2025-10-01,amanecer,0.82,10.3,S,6.3,subiendo,1.99,20.6
2025-10-01,mediodia,0.88,10.4,N,6.4,bajando,2.58,20.7
2025-10-01,tarde,0.78,9.8,N,8.3,bajando,1.46,20.7
2025-10-02,amanecer,0.74,9.7,S,4.5,subiendo,1.55,20.5
2025-10-02,mediodia,0.68,9.9,N,6.1,subiendo,2.86,20.7
2025-10-02,tarde,0.64,10.2,NE,9.0,bajando,1.49,20.8
2025-10-03,amanecer,0.7,10.8,SO,12.4,bajando,1.21,20.6
2025-10-03,mediodia,0.8,10.8,O,14.3,subiendo,3.04,20.7
2025-10-03,tarde,0.92,10.9,O,3.9,bajando,1.67,20.8
2025-10-04,amanecer,0.96,8.6,S,6.7,bajando,1.0,20.6
2025-10-04,mediodia,1.44,8.6,O,7.2,subiendo,3.05,20.7
2025-10-04,tarde,1.94,8.5,NO,15.1,bajando,2.07,20.6
2025-10-05,amanecer,2.3,10.2,O,12.8,bajando,0.92,20.4
2025-10-05,mediodia,2.4,10.8,NO,11.1,subiendo,2.71,20.4
2025-10-05,tarde,2.38,11.3,N,9.9,bajando,2.64,20.4
2025-10-06,amanecer,1.9,11.4,SE,4.5,bajando,1.09,20.3
2025-10-06,mediodia,1.6,10.9,NE,11.8,subiendo,2.13,20.4
2025-10-06,tarde,1.4,10.7,E,16.9,bajando,3.33,20.4
2025-10-07,amanecer,0.72,9.2,S,7.4,bajando,1.61,20.2
2025-10-07,mediodia,0.74,10.1,N,3.6,subiendo,1.43,20.3
2025-10-07,tarde,0.68,10.6,N,2.5,bajando,3.91,20.4
2025-10-08,amanecer,0.82,12.8,SO,8.6,bajando,2.31,20.2
2025-10-08,mediodia,0.76,11.3,O,13.7,subiendo,0.72,20.3
2025-10-08,tarde,0.8,10.9,NO,12.9,subiendo,4.24,20.3
2025-10-09,amanecer,0.9,11.7,SO,9.4,bajando,3.04,20.1
2025-10-09,mediodia,0.96,11.4,NO,10.7,subiendo,0.22,20.2
2025-10-09,tarde,1.1,10.7,N,9.8,subiendo,4.15,20.2
2025-10-10,amanecer,1.32,10.2,NE,4.7,bajando,3.53,20.0
2025-10-10,mediodia,1.24,10.4,N,5.4,bajando,0.03,20.1
2025-10-10,tarde,1.2,10.6,N,6.0,subiendo,3.65,20.1
2025-10-11,amanecer,1.02,10.7,SE,7.0,bajando,3.67,19.9
2025-10-11,mediodia,0.92,10.5,NE,7.0,bajando,0.32,20.0
2025-10-11,tarde,0.88,10.7,NE,11.5,subiendo,2.95,20.1
2025-10-12,amanecer,0.8,10.0,S,8.0,subiendo,3.5,19.8
2025-10-12,mediodia,0.68,9.3,N,6.9,bajando,0.99,20.0
2025-10-12,tarde,0.5,8.6,E,7.4,subiendo,2.21,20.1
2025-10-13,amanecer,0.4,7.9,SE,5.7,subiendo,3.05,19.8
2025-10-13,mediodia,0.36,7.2,N,5.1,bajando,1.84,20.0
2025-10-13,tarde,0.36,7.4,NE,6.7,subiendo,1.63,20.1
2025-10-14,amanecer,0.46,6.2,S,4.7,subiendo,2.44,19.7
2025-10-14,mediodia,0.46,6.4,NO,8.0,bajando,2.57,19.9
2025-10-14,tarde,0.42,6.8,NO,6.3,subiendo,1.23,20.0
2025-10-15,amanecer,0.52,8.8,SO,3.5,subiendo,1.83,19.8
2025-10-15,mediodia,0.64,8.2,NO,7.0,bajando,3.06,19.9
2025-10-15,tarde,0.6,7.9,NE,8.8,bajando,1.17,19.9
2025-10-16,amanecer,0.52,9.5,SE,6.0,subiendo,1.35,19.7
2025-10-16,mediodia,0.6,9.8,NE,9.1,subiendo,3.22,19.8
2025-10-16,tarde,0.56,8.8,N,5.4,bajando,1.37,19.9
2025-10-17,amanecer,0.42,6.9,SE,7.1,bajando,1.05,19.6
2025-10-17,mediodia,0.4,7.0,N,6.8,subiendo,3.12,19.7
2025-10-17,tarde,0.4,6.9,NE,6.0,bajando,1.78,19.8
2025-10-18,amanecer,0.28,6.0,S,11.2,bajando,0.94,19.4
2025-10-18,mediodia,0.24,6.1,S,3.7,subiendo,2.84,19.7
2025-10-18,tarde,0.22,6.3,SE,5.5,bajando,2.28,19.8
2025-10-19,amanecer,0.52,4.1,S,33.0,bajando,1.12,19.0
2025-10-19,mediodia,0.6,4.2,S,30.6,subiendo,2.56,18.7
2025-10-19,tarde,0.5,6.2,S,30.3,bajando,2.9,18.6
2025-10-20,amanecer,0.78,7.9,SO,8.4,bajando,1.48,18.6
2025-10-20,mediodia,1.2,7.9,SO,15.5,subiendo,2.2,18.8
2025-10-20,tarde,1.68,8.9,O,7.6,bajando,3.35,18.8
2025-10-21,amanecer,2.24,10.8,SO,25.8,bajando,1.95,18.6
2025-10-21,mediodia,2.02,10.3,O,15.0,subiendo,1.82,18.7
2025-10-21,tarde,1.9,9.7,SO,3.7,bajando,3.7,18.9
2025-10-22,amanecer,1.5,8.2,S,12.1,bajando,2.4,18.6
2025-10-22,mediodia,1.48,8.3,O,6.7,subiendo,1.41,18.9
2025-10-22,tarde,1.26,8.1,SO,21.3,bajando,3.83,18.8
2025-10-23,amanecer,3.82,9.1,O,45.0,bajando,2.91,18.4
2025-10-23,mediodia,4.18,11.1,O,39.6,subiendo,1.13,18.3
2025-10-23,tarde,3.76,11.0,O,31.7,subiendo,3.86,18.3
2025-10-24,amanecer,2.24,9.9,SO,15.5,bajando,3.18,18.0
2025-10-24,mediodia,2.1,9.9,SO,15.8,subiendo,0.96,18.1
2025-10-24,tarde,1.84,9.7,NO,11.5,subiendo,3.71,18.0
2025-10-25,amanecer,1.28,9.3,S,11.9,bajando,3.34,18.0
2025-10-25,mediodia,1.28,8.6,O,16.0,bajando,0.93,18.1
2025-10-25,tarde,1.62,8.1,O,24.3,subiendo,3.41,18.1
2025-10-26,amanecer,1.32,7.7,O,9.9,bajando,3.34,18.0
2025-10-26,mediodia,1.38,7.5,NO,14.3,bajando,1.05,18.0
2025-10-26,tarde,1.48,7.7,NO,17.0,subiendo,3.02,18.0
2025-10-27,amanecer,1.16,6.8,SO,12.5,subiendo,3.25,17.9
2025-10-27,mediodia,1.16,6.7,O,14.7,bajando,1.31,17.9
2025-10-27,tarde,1.26,7.0,O,11.8,subiendo,2.56,17.9
2025-10-28,amanecer,1.4,8.8,SE,10.5,subiendo,3.08,17.9
2025-10-28,mediodia,1.32,9.2,E,5.9,bajando,1.76,18.0
2025-10-28,tarde,1.32,9.7,E,11.5,subiendo,2.2,18.0
2025-10-29,amanecer,1.1,10.1,S,22.4,subiendo,2.89,18.1
2025-10-29,mediodia,1.0,9.8,S,19.6,bajando,2.31,18.1
2025-10-29,tarde,1.42,11.6,O,11.1,subiendo,1.88,18.1
2025-10-30,amanecer,1.42,9.6,SE,6.4,subiendo,2.41,18.0
2025-10-30,mediodia,1.32,10.1,SE,6.8,bajando,2.71,18.2
2025-10-30,tarde,1.26,10.5,S,8.1,bajando,1.57,18.2
2025-10-31,amanecer,0.92,10.2,S,19.8,subiendo,1.97,18.0
2025-10-31,mediodia,0.8,10.0,S,20.9,bajando,3.13,18.0
2025-10-31,tarde,1.06,11.8,S,23.4,bajando,1.42,18.0
2025-11-01,amanecer,1.32,12.4,SO,6.5,subiendo,1.49,18.0
2025-11-01,mediodia,1.24,11.7,O,11.3,subiendo,3.37,18.0
2025-11-01,tarde,1.24,10.3,N,5.5,bajando,1.4,18.0
2025-11-02,amanecer,1.42,9.9,SO,11.2,bajando,1.03,17.9
2025-11-02,mediodia,1.9,9.3,O,18.0,subiendo,3.43,18.0
2025-11-02,tarde,2.18,9.8,O,26.1,bajando,1.69,18.0
2025-11-03,amanecer,1.84,10.4,S,6.4,bajando,0.78,17.9
2025-11-03,mediodia,1.68,10.7,SE,8.8,subiendo,3.23,18.0
2025-11-03,tarde,1.64,11.3,E,9.4,bajando,2.29,18.0
2025-11-04,amanecer,1.36,10.8,S,33.4,bajando,0.95,17.8
2025-11-04,mediodia,1.4,11.1,S,23.4,subiendo,2.76,17.8
2025-11-04,tarde,1.4,11.4,S,21.2,bajando,3.06,17.8
2025-11-05,amanecer,1.7,11.5,S,42.5,bajando,1.4,17.7
2025-11-05,mediodia,1.72,10.9,SE,42.3,subiendo,2.07,17.7
2025-11-05,tarde,1.44,12.1,SE,31.4,bajando,3.86,17.6
2025-11-06,amanecer,1.16,12.9,S,13.2,bajando,2.19,17.6
2025-11-06,mediodia,1.16,12.3,SO,18.7,subiendo,1.3,17.6
2025-11-06,tarde,1.42,11.4,O,19.3,bajando,4.32,17.6
2025-11-07,amanecer,1.84,9.9,S,14.8,bajando,3.06,17.5
2025-11-07,mediodia,1.46,9.5,S,14.4,subiendo,0.73,17.5
2025-11-07,tarde,1.2,9.3,O,12.0,subiendo,4.39,17.4
2025-11-08,amanecer,1.4,6.7,O,22.5,bajando,3.68,17.4
2025-11-08,mediodia,1.38,7.5,O,19.7,subiendo,0.38,17.4
2025-11-08,tarde,1.3,8.8,NO,15.2,subiendo,3.85,17.3
2025-11-09,amanecer,1.7,13.9,S,7.5,bajando,3.87,17.3
2025-11-09,mediodia,1.48,13.2,SE,5.3,bajando,0.51,17.3
2025-11-09,tarde,1.24,12.4,E,10.5,subiendo,3.16,17.3
2025-11-10,amanecer,1.44,13.2,S,18.0,subiendo,3.78,17.2
2025-11-10,mediodia,1.46,13.2,SO,14.5,bajando,1.08,17.3
2025-11-10,tarde,1.52,13.2,E,3.1,subiendo,2.4,17.3
2025-11-11,amanecer,1.56,12.4,S,24.8,subiendo,3.36,17.2
2025-11-11,mediodia,1.5,12.3,S,19.6,bajando,1.9,17.3
2025-11-11,tarde,1.38,12.3,S,15.4,subiendo,1.82,17.3
2025-11-12,amanecer,1.54,11.8,S,36.0,subiendo,2.84,17.2
2025-11-12,mediodia,1.26,10.6,S,39.3,bajando,2.68,17.2
2025-11-12,tarde,1.18,10.4,S,32.0,subiendo,1.45,17.2
2025-11-13,amanecer,0.84,10.2,S,23.3,subiendo,2.24,17.2
2025-11-13,mediodia,0.72,9.9,SE,20.3,bajando,3.21,17.2
2025-11-13,tarde,0.64,9.8,SE,17.7,bajando,1.32,17.3
2025-11-14,amanecer,0.72,6.2,S,31.9,subiendo,1.82,17.2
2025-11-14,mediodia,0.56,8.3,SO,14.3,subiendo,3.5,17.3
2025-11-14,tarde,0.54,10.3,SE,17.0,bajando,1.46,17.3
2025-11-15,amanecer,0.56,8.8,S,17.8,subiendo,1.41,17.2
2025-11-15,mediodia,0.5,8.9,S,21.6,subiendo,3.41,17.2
2025-11-15,tarde,0.48,8.9,S,27.8,bajando,1.71,17.2
2025-11-16,amanecer,0.5,7.3,SO,17.7,bajando,1.24,17.1
2025-11-16,mediodia,0.48,8.2,SO,16.3,subiendo,3.25,17.2
2025-11-16,tarde,0.44,9.3,SO,11.7,bajando,2.13,17.2
2025-11-17,amanecer,0.38,10.8,S,6.5,bajando,1.2,17.1
2025-11-17,mediodia,0.38,11.0,NO,8.6,subiendo,2.88,17.1
2025-11-17,tarde,0.54,7.5,NE,15.8,bajando,2.51,17.1
2025-11-18,amanecer,0.82,6.3,SE,5.6,bajando,1.25,17.0
2025-11-18,mediodia,0.74,6.9,NE,9.0,subiendo,2.42,17.0
2025-11-18,tarde,0.62,6.9,NE,5.2,bajando,2.82,17.0
2025-11-19,amanecer,0.4,7.3,S,11.2,bajando,1.6,17.0
2025-11-19,mediodia,0.4,7.2,O,14.8,subiendo,2.07,17.0
2025-11-19,tarde,0.84,4.8,O,25.0,bajando,3.29,17.0
2025-11-20,amanecer,1.76,7.6,O,5.3,bajando,2.01,16.9
2025-11-20,mediodia,1.7,8.1,O,10.5,subiendo,1.62,16.9
2025-11-20,tarde,1.68,8.0,O,20.6,bajando,3.46,16.9
2025-11-21,amanecer,1.62,7.0,SO,1.6,bajando,2.4,16.7
2025-11-21,mediodia,1.58,7.2,O,0.9,subiendo,1.15,16.7
2025-11-21,tarde,1.46,7.6,NO,9.6,bajando,3.43,16.7
2025-11-22,amanecer,1.04,6.8,S,6.5,bajando,2.68,16.6
2025-11-22,mediodia,0.88,7.5,S,4.1,subiendo,0.85,16.7
2025-11-22,tarde,0.76,8.2,SO,4.2,subiendo,3.42,16.6
2025-11-23,amanecer,1.9,8.3,SO,21.0,bajando,3.1,16.6
2025-11-23,mediodia,1.74,8.0,SO,20.4,subiendo,0.87,16.6
2025-11-23,tarde,1.56,8.2,SO,20.7,subiendo,3.38,16.6
2025-11-24,amanecer,1.72,8.7,SO,25.8,bajando,3.42,16.6
2025-11-24,mediodia,1.64,8.9,SO,25.0,bajando,1.1,16.6
2025-11-24,tarde,1.92,8.1,NO,26.7,subiendo,3.22,16.5
2025-11-25,amanecer,3.12,9.6,O,25.6,bajando,3.47,16.4
2025-11-25,mediodia,2.94,9.4,NO,11.6,bajando,1.23,16.4
2025-11-25,tarde,2.58,9.0,N,21.7,subiendo,2.77,16.4
2025-11-26,amanecer,1.84,8.0,S,9.0,subiendo,3.28,16.0
2025-11-26,mediodia,1.54,8.0,SO,3.1,bajando,1.44,16.1
2025-11-26,tarde,1.3,7.9,N,7.1,subiendo,2.2,16.1
2025-11-27,amanecer,0.84,7.8,S,5.2,subiendo,2.97,16.0
2025-11-27,mediodia,0.68,7.8,SO,1.4,bajando,1.84,16.0
2025-11-27,tarde,0.6,7.9,E,7.3,subiendo,1.69,16.0
2025-11-28,amanecer,0.7,8.5,S,5.2,subiendo,2.59,16.0
2025-11-28,mediodia,0.84,9.6,SO,4.8,bajando,2.35,16.0
2025-11-28,tarde,1.14,13.6,NE,2.1,subiendo,1.31,16.0
2025-11-29,amanecer,2.34,14.2,S,12.1,subiendo,2.14,16.0
2025-11-29,mediodia,2.08,13.3,S,9.4,bajando,2.92,16.0
2025-11-29,tarde,1.88,12.6,SO,4.9,bajando,1.14,16.0
2025-11-30,amanecer,1.88,9.8,NO,10.0,subiendo,1.58,15.9
2025-11-30,mediodia,1.78,9.6,N,5.0,subiendo,3.28,15.9
2025-11-30,tarde,1.72,9.3,NE,11.9,bajando,1.01,15.8
2025-12-01,amanecer,1.28,9.7,S,10.4,subiendo,1.07,15.9
2025-12-01,mediodia,1.14,9.8,S,8.5,subiendo,3.49,15.9
2025-12-01,tarde,0.96,9.7,S,17.7,bajando,1.31,15.9
2025-12-02,amanecer,1.64,10.5,SO,8.5,bajando,0.78,15.8
2025-12-02,mediodia,1.78,10.9,S,13.8,subiendo,3.39,15.8
2025-12-02,tarde,2.02,12.0,O,3.2,bajando,1.86,15.8
2025-12-03,amanecer,3.14,13.7,O,24.0,bajando,0.76,16.0
2025-12-03,mediodia,3.08,13.3,SO,14.8,subiendo,2.96,16.0
2025-12-03,tarde,2.96,12.7,O,23.0,bajando,2.65,15.9
2025-12-04,amanecer,2.38,12.6,SO,17.6,bajando,1.2,15.9
2025-12-04,mediodia,2.62,10.4,O,24.3,subiendo,2.28,15.9
2025-12-04,tarde,2.74,9.7,O,14.6,bajando,3.49,15.8
2025-12-05,amanecer,2.7,11.5,O,18.6,bajando,1.87,15.8
2025-12-05,mediodia,3.08,14.2,S,9.9,subiendo,1.45,15.8
2025-12-05,tarde,3.08,15.0,S,16.8,bajando,3.99,15.8
2025-12-06,amanecer,2.32,12.4,S,9.4,bajando,2.74,15.7
2025-12-06,mediodia,2.38,12.1,S,11.2,subiendo,0.69,15.8
2025-12-06,tarde,2.84,13.5,E,1.6,subiendo,4.04,15.8
2025-12-07,amanecer,2.68,13.4,S,20.0,bajando,3.48,15.8
2025-12-07,mediodia,2.38,12.7,SO,18.9,subiendo,0.33,15.8
2025-12-07,tarde,2.2,11.8,SO,10.5,subiendo,3.75,15.8
2025-12-08,amanecer,1.78,11.3,S,21.5,bajando,3.86,15.7
2025-12-08,mediodia,1.48,11.3,S,12.1,bajando,0.39,15.8
2025-12-08,tarde,1.42,12.7,S,12.4,subiendo,3.19,15.7
2025-12-09,amanecer,1.68,15.3,S,25.8,subiendo,3.94,15.7
2025-12-09,mediodia,1.88,15.1,S,34.8,bajando,0.91,15.7
2025-12-09,tarde,1.64,14.6,S,27.9,subiendo,2.58,15.7
2025-12-10,amanecer,1.36,13.7,S,4.2,subiendo,3.56,15.6
2025-12-10,mediodia,1.48,13.2,SO,10.1,bajando,1.49,15.6
2025-12-10,tarde,1.52,12.4,NE,7.2,subiendo,1.91,15.6
2025-12-11,amanecer,1.34,11.9,S,7.5,subiendo,3.05,15.6
2025-12-11,mediodia,1.5,12.9,S,23.1,bajando,2.25,15.6
2025-12-11,tarde,1.56,12.9,S,18.1,subiendo,1.54,15.6
2025-12-12,amanecer,1.5,14.3,S,24.3,subiendo,2.5,15.6
2025-12-12,mediodia,1.96,16.2,S,17.4,bajando,2.75,15.6
2025-12-12,tarde,2.34,16.6,N,6.6,subiendo,1.23,15.5
2025-12-13,amanecer,2.96,17.0,S,3.8,subiendo,1.86,15.5
2025-12-13,mediodia,2.78,16.5,N,3.7,bajando,2.95,15.6
2025-12-13,tarde,2.38,15.2,NE,6.3,bajando,1.12,15.5
2025-12-14,amanecer,2.04,14.2,SE,8.8,subiendo,1.48,15.5
2025-12-14,mediodia,1.72,13.7,NE,5.6,subiendo,3.06,15.5
2025-12-14,tarde,1.48,13.1,S,6.7,bajando,1.35,15.5
2025-12-15,amanecer,1.26,11.8,S,24.3,subiendo,1.31,15.5
2025-12-15,mediodia,1.18,12.3,S,22.8,subiendo,3.08,15.5
2025-12-15,tarde,1.08,11.7,S,14.1,bajando,1.76,15.4
2025-12-16,amanecer,1.18,12.6,S,4.4,bajando,1.28,15.4
2025-12-16,mediodia,1.66,14.4,O,9.0,subiendo,2.91,15.4
2025-12-16,tarde,1.9,14.1,O,9.0,bajando,2.11,15.4
2025-12-17,amanecer,1.92,12.4,O,11.5,bajando,1.22,15.3
2025-12-17,mediodia,1.82,12.1,O,11.4,subiendo,2.54,15.3
2025-12-17,tarde,1.66,12.1,NE,7.0,bajando,2.51,15.3
2025-12-18,amanecer,1.3,11.6,S,30.2,bajando,1.43,15.3
2025-12-18,mediodia,1.68,14.6,S,37.2,subiendo,2.25,15.3
2025-12-18,tarde,2.4,17.4,S,30.5,bajando,2.95,15.3
2025-12-19,amanecer,2.86,16.4,NO,10.9,bajando,1.78,15.2
2025-12-19,mediodia,2.72,15.7,O,6.2,subiendo,1.79,15.2
2025-12-19,tarde,2.76,15.3,O,10.7,bajando,3.19,15.2
2025-12-20,amanecer,2.64,14.6,SE,9.4,bajando,2.27,15.2
2025-12-20,mediodia,2.4,14.2,S,18.8,subiendo,1.45,15.2
2025-12-20,tarde,2.08,13.7,S,8.3,bajando,3.49,15.2
2025-12-21,amanecer,1.56,11.8,S,14.0,bajando,2.83,15.2
2025-12-21,mediodia,1.86,12.3,O,26.9,subiendo,1.2,15.2
2025-12-21,tarde,2.38,12.7,O,12.3,subiendo,3.64,15.1
2025-12-22,amanecer,2.86,15.1,S,17.1,bajando,3.23,15.0
2025-12-22,mediodia,2.7,14.2,S,12.6,subiendo,0.95,15.0
2025-12-22,tarde,2.56,13.4,S,14.5,subiendo,3.55,15.0
2025-12-23,amanecer,2.22,10.9,O,16.7,bajando,3.5,15.0
2025-12-23,mediodia,1.98,10.0,O,22.7,bajando,0.86,15.0
2025-12-23,tarde,1.7,9.7,N,5.6,subiendo,3.34,14.9
2025-12-24,amanecer,1.06,9.3,S,3.9,bajando,3.59,14.9
2025-12-24,mediodia,1.12,9.4,N,10.4,bajando,0.88,14.9
2025-12-24,tarde,1.36,9.0,N,13.9,subiendo,2.96,14.9
2025-12-25,amanecer,1.64,10.3,SE,10.3,subiendo,3.57,14.9
2025-12-25,mediodia,1.32,10.1,E,1.9,bajando,1.09,14.9
2025-12-25,tarde,1.18,10.7,E,12.9,subiendo,2.45,14.9
2025-12-26,amanecer,0.72,10.8,E,2.3,subiendo,3.39,14.8
2025-12-26,mediodia,0.6,11.1,NE,2.7,bajando,1.5,14.9
2025-12-26,tarde,0.54,11.4,NE,3.8,subiendo,1.92,14.8
2025-12-27,amanecer,0.48,8.5,SE,7.3,subiendo,3.0,14.8
2025-12-27,mediodia,0.48,7.6,NE,5.3,bajando,1.99,14.8
2025-12-27,tarde,0.46,7.5,E,13.7,subiendo,1.42,14.8
2025-12-28,amanecer,0.58,8.8,SE,8.2,subiendo,2.46,14.8
2025-12-28,mediodia,0.6,8.4,NE,6.0,bajando,2.56,14.8
2025-12-28,tarde,0.5,9.1,NE,8.1,subiendo,1.08,14.8
2025-12-29,amanecer,0.44,11.6,S,8.6,subiendo,1.83,14.8
2025-12-29,mediodia,0.48,11.1,NO,3.0,bajando,3.02,14.8
2025-12-29,tarde,0.5,11.6,S,0.6,bajando,0.94,14.8
2025-12-30,amanecer,0.42,11.6,SO,5.1,subiendo,1.25,14.7
2025-12-30,mediodia,0.44,9.6,NE,9.8,subiendo,3.24,14.7
2025-12-30,tarde,0.56,7.3,N,5.9,bajando,1.07,14.7
2025-12-31,amanecer,0.7,7.7,NO,8.7,bajando,0.82,14.6
2025-12-31,mediodia,0.7,8.0,NO,7.4,subiendo,3.19,14.6
2025-12-31,tarde,0.62,7.8,O,5.2,bajando,1.56,14.6
2026-01-01,amanecer,0.44,8.9,S,11.7,bajando,0.76,14.5
2026-01-01,mediodia,0.42,9.8,S,6.9,subiendo,2.87,14.5
2026-01-01,tarde,0.32,9.9,S,10.7,bajando,2.36,14.5
2026-01-02,amanecer,0.22,11.2,SE,7.8,bajando,1.09,14.5
2026-01-02,mediodia,0.24,8.2,E,5.4,subiendo,2.24,14.5
2026-01-02,tarde,0.34,6.2,NE,14.1,bajando,3.16,14.5
2026-01-03,amanecer,0.46,5.0,E,11.8,bajando,1.74,14.4
2026-01-03,mediodia,0.5,4.7,E,14.5,subiendo,1.43,14.4
2026-01-03,tarde,0.48,4.8,E,9.3,bajando,3.71,14.4
2026-01-04,amanecer,0.72,5.8,E,10.7,bajando,2.55,14.3
2026-01-04,mediodia,0.74,6.0,NE,11.1,subiendo,0.69,14.3
2026-01-04,tarde,0.82,6.7,NE,9.0,subiendo,3.91,14.3
2026-01-05,amanecer,0.72,6.2,SE,5.6,bajando,3.33,14.2
2026-01-05,mediodia,0.72,7.0,E,5.8,subiendo,0.25,14.2
2026-01-05,tarde,0.58,7.5,E,3.5,subiendo,3.75,14.2
2026-01-06,amanecer,1.92,7.0,NO,24.4,bajando,3.89,14.1
2026-01-06,mediodia,2.56,8.7,NE,21.8,bajando,0.19,14.0
2026-01-06,tarde,1.96,8.4,S,8.1,subiendo,3.31,14.0
2026-01-07,amanecer,0.86,7.2,S,14.6,subiendo,3.95,14.0
2026-01-07,mediodia,0.76,6.8,SO,15.4,bajando,0.5,14.0
2026-01-07,tarde,0.94,5.8,O,20.2,subiendo,2.83,14.0
2026-01-08,amanecer,2.16,8.4,SO,17.2,subiendo,3.71,14.0
2026-01-08,mediodia,2.0,8.6,S,23.7,bajando,1.03,14.0
2026-01-08,tarde,1.96,8.9,SO,24.3,subiendo,2.35,14.0
2026-01-09,amanecer,3.74,10.9,O,35.4,subiendo,3.41,14.0
2026-01-09,mediodia,4.28,11.1,O,44.1,bajando,1.75,14.0
2026-01-09,tarde,4.4,11.2,O,38.2,subiendo,1.97,13.9
2026-01-10,amanecer,3.4,9.9,O,33.9,subiendo,2.93,13.8
2026-01-10,mediodia,3.08,9.6,O,31.6,bajando,2.26,13.8
2026-01-10,tarde,2.92,10.1,O,24.0,subiendo,1.6,13.8
2026-01-11,amanecer,2.0,10.9,S,12.1,subiendo,2.37,13.7
2026-01-11,mediodia,1.7,11.1,SE,7.0,bajando,2.58,13.7
2026-01-11,tarde,1.28,10.5,S,12.8,subiendo,1.41,13.7
2026-01-12,amanecer,0.96,8.3,S,27.0,subiendo,1.94,13.8
2026-01-12,mediodia,1.0,8.3,S,26.8,bajando,2.79,13.8
2026-01-12,tarde,1.1,10.5,S,8.3,bajando,1.46,13.8
2026-01-13,amanecer,1.36,10.2,S,39.0,subiendo,1.66,13.8
2026-01-13,mediodia,1.02,9.0,S,24.4,subiendo,2.92,13.8
2026-01-13,tarde,0.94,10.0,S,29.1,bajando,1.69,13.8
2026-01-14,amanecer,0.8,11.1,SO,6.4,bajando,1.39,13.6
2026-01-14,mediodia,0.82,11.2,SO,9.2,subiendo,2.79,13.7
2026-01-14,tarde,0.9,11.2,NO,10.7,bajando,1.9,13.7
2026-01-15,amanecer,1.18,9.8,S,20.3,bajando,1.33,13.6
2026-01-15,mediodia,1.16,10.2,SO,18.8,subiendo,2.68,13.6
2026-01-15,tarde,1.3,13.1,S,30.2,bajando,2.35,13.6
2026-01-16,amanecer,2.04,14.2,S,18.6,bajando,1.45,13.6
2026-01-16,mediodia,2.24,13.9,S,9.6,subiendo,2.38,13.6
2026-01-16,tarde,2.28,13.8,S,10.7,bajando,2.73,13.6
2026-01-17,amanecer,2.26,13.7,S,0.7,bajando,1.69,13.6
2026-01-17,mediodia,2.32,13.8,NE,4.5,subiendo,1.97,13.5
2026-01-17,tarde,2.24,13.6,NE,4.0,bajando,3.11,13.4
2026-01-18,amanecer,1.8,12.0,SO,11.6,bajando,2.08,13.5
2026-01-18,mediodia,1.9,12.2,SO,13.2,subiendo,1.52,13.5
2026-01-18,tarde,1.56,10.3,O,14.2,bajando,3.37,13.5
2026-01-19,amanecer,1.34,8.3,O,16.8,bajando,2.52,13.5
2026-01-19,mediodia,1.2,8.1,O,12.8,subiendo,1.04,13.5
2026-01-19,tarde,1.02,7.8,O,10.5,subiendo,3.52,13.5
2026-01-20,amanecer,1.36,13.5,SE,9.2,bajando,2.97,13.4
2026-01-20,mediodia,1.78,14.6,SE,6.4,subiendo,0.7,13.5
2026-01-20,tarde,2.0,15.1,S,1.0,subiendo,3.65,13.5
2026-01-21,amanecer,2.16,12.8,S,37.4,bajando,3.55,13.5
2026-01-21,mediodia,2.08,12.3,S,44.8,bajando,0.68,13.5
2026-01-21,tarde,1.88,12.4,S,33.9,subiendo,3.76,13.4
2026-01-22,amanecer,2.88,10.8,SO,21.0,bajando,3.93,13.4
2026-01-22,mediodia,3.2,11.6,O,19.1,bajando,0.68,13.4
2026-01-22,tarde,3.08,12.6,O,1.3,subiendo,3.51,13.4
2026-01-23,amanecer,2.42,12.4,S,22.0,subiendo,4.17,13.3
2026-01-23,mediodia,3.02,12.2,SO,28.1,bajando,0.96,13.3
2026-01-23,tarde,3.16,13.2,SO,19.7,subiendo,3.14,13.3
2026-01-24,amanecer,3.12,14.2,SO,13.0,subiendo,3.94,13.3
2026-01-24,mediodia,2.52,12.5,SO,17.3,bajando,1.26,13.3
2026-01-24,tarde,2.72,12.1,O,25.7,subiendo,2.53,13.3
2026-01-25,amanecer,3.08,13.4,SO,28.7,subiendo,3.63,13.2
2026-01-25,mediodia,3.06,12.1,O,33.3,bajando,1.89,13.2
2026-01-25,tarde,3.5,10.6,SO,31.0,subiendo,2.06,13.2
2026-01-26,amanecer,3.52,12.2,SO,14.2,subiendo,3.02,13.1
2026-01-26,mediodia,2.7,12.1,S,12.2,bajando,2.46,13.1
2026-01-26,tarde,2.08,11.8,S,29.7,subiendo,1.6,13.1
2026-01-27,amanecer,1.12,10.9,S,20.0,subiendo,2.45,13.1
2026-01-27,mediodia,1.2,12.5,O,13.8,bajando,3.04,13.1
2026-01-27,tarde,1.78,12.7,S,7.2,subiendo,1.42,13.0
2026-01-28,amanecer,2.66,13.9,S,16.1,subiendo,1.74,12.9
2026-01-28,mediodia,2.42,14.2,S,13.0,subiendo,3.35,13.0
2026-01-28,tarde,2.36,14.6,SO,16.6,bajando,1.51,13.0
2026-01-29,amanecer,2.12,13.2,S,21.6,bajando,1.3,13.0
2026-01-29,mediodia,1.98,13.2,SO,21.2,subiendo,3.29,13.0
2026-01-29,tarde,1.82,12.9,SO,5.9,bajando,1.88,13.1
2026-01-30,amanecer,2.58,10.3,S,21.4,bajando,1.05,13.0
2026-01-30,mediodia,2.22,10.5,SO,27.6,subiendo,2.92,13.0
2026-01-30,tarde,2.58,13.9,S,18.6,bajando,2.47,13.0
2026-01-31,amanecer,3.82,11.8,O,18.4,bajando,1.27,12.9
2026-01-31,mediodia,3.66,11.6,SO,30.9,subiendo,2.33,12.9
2026-01-31,tarde,4.4,11.3,O,38.5,bajando,3.15,12.9
2026-02-01,amanecer,2.48,12.0,S,10.8,bajando,1.75,12.9
2026-02-01,mediodia,2.08,11.8,S,14.2,subiendo,1.59,12.9
2026-02-01,tarde,1.84,11.6,NE,2.3,bajando,3.71,12.9
2026-02-02,amanecer,1.62,12.2,S,30.2,bajando,2.61,12.9
2026-02-02,mediodia,1.56,13.1,S,38.3,subiendo,1.06,12.9
2026-02-02,tarde,1.46,13.2,SO,23.0,subiendo,4.15,12.9
2026-02-03,amanecer,1.5,10.7,SO,20.4,bajando,3.34,12.9
2026-02-03,mediodia,1.68,10.9,S,19.4,subiendo,0.53,12.9
2026-02-03,tarde,1.58,11.3,S,16.5,subiendo,4.1,12.9
2026-02-04,amanecer,1.64,13.8,S,21.4,bajando,4.05,12.8
2026-02-04,mediodia,1.44,11.5,S,28.3,bajando,0.53,12.8
2026-02-04,tarde,1.28,10.9,SO,26.4,subiendo,3.98,12.8
2026-02-05,amanecer,1.52,10.1,S,31.2,bajando,4.25,12.8
2026-02-05,mediodia,1.4,9.2,S,47.9,bajando,0.72,12.8
2026-02-05,tarde,1.26,9.9,S,6.3,subiendo,3.64,12.8
2026-02-06,amanecer,1.78,11.1,S,22.2,subiendo,4.08,12.8
2026-02-06,mediodia,1.78,10.8,SO,13.1,bajando,0.92,12.8
2026-02-06,tarde,1.72,10.9,S,15.1,subiendo,3.07,12.9
2026-02-07,amanecer,1.76,11.5,S,22.3,subiendo,3.71,12.8
2026-02-07,mediodia,1.6,11.2,SO,23.3,bajando,1.34,12.8
2026-02-07,tarde,1.58,11.4,S,12.5,subiendo,2.63,12.9
2026-02-08,amanecer,1.04,10.4,O,19.7,subiendo,3.35,12.8
2026-02-08,mediodia,1.46,7.2,O,32.3,bajando,1.85,12.8
2026-02-08,tarde,1.6,7.1,O,25.9,subiendo,2.2,12.8
2026-02-09,amanecer,0.94,8.2,S,21.5,subiendo,2.9,12.8
2026-02-09,mediodia,0.88,8.4,S,21.4,bajando,2.28,12.8
2026-02-09,tarde,0.78,8.9,SO,16.7,subiendo,1.92,12.8
2026-02-10,amanecer,1.14,8.8,S,15.1,subiendo,2.45,12.8
2026-02-10,mediodia,1.2,9.8,SO,27.1,bajando,2.6,12.8
2026-02-10,tarde,1.5,10.8,O,10.5,subiendo,1.8,12.9
2026-02-11,amanecer,2.64,10.4,SO,10.4,subiendo,2.04,12.8
2026-02-11,mediodia,2.34,10.7,SO,21.7,subiendo,2.8,12.9
2026-02-11,tarde,2.0,10.7,S,30.9,bajando,1.91,12.9
2026-02-12,amanecer,4.42,11.4,O,43.4,subiendo,1.82,12.8
2026-02-12,mediodia,4.2,11.7,O,37.0,subiendo,2.9,12.8
2026-02-12,tarde,3.48,11.5,O,26.6,bajando,2.01,12.8
2026-02-13,amanecer,2.08,11.1,S,24.0,bajando,1.68,12.8
2026-02-13,mediodia,1.68,10.8,S,16.4,subiendo,2.98,12.8
2026-02-13,tarde,1.8,8.8,SO,30.3,bajando,2.44,12.8
2026-02-14,amanecer,3.54,9.2,NO,36.7,bajando,1.55,12.7
2026-02-14,mediodia,4.16,11.0,N,29.7,subiendo,2.54,12.7
2026-02-14,tarde,3.62,10.5,N,31.0,bajando,2.49,12.7
2026-02-15,amanecer,1.56,8.2,S,12.2,bajando,1.46,12.7
2026-02-15,mediodia,1.2,8.0,SO,16.4,subiendo,2.1,12.7
2026-02-15,tarde,1.58,8.2,SO,15.3,bajando,2.86,12.7
2026-02-16,amanecer,2.04,8.9,SO,21.6,bajando,1.74,12.7
2026-02-16,mediodia,2.04,8.7,SO,12.4,subiendo,1.63,12.7
2026-02-16,tarde,1.94,8.5,O,20.4,bajando,3.25,12.7
2026-02-17,amanecer,2.42,10.3,O,11.3,bajando,2.14,12.7
2026-02-17,mediodia,2.46,11.1,SO,6.3,subiendo,1.09,12.7
2026-02-17,tarde,2.38,11.5,O,16.5,bajando,3.57,12.8
2026-02-18,amanecer,1.96,11.3,S,13.2,bajando,2.76,12.7
2026-02-18,mediodia,1.72,10.4,S,18.8,subiendo,0.76,12.8
2026-02-18,tarde,1.64,9.3,SO,24.9,subiendo,3.97,12.9
2026-02-19,amanecer,3.88,10.8,O,32.8,bajando,3.38,12.8
2026-02-19,mediodia,3.98,10.6,O,43.7,subiendo,0.42,12.8
2026-02-19,tarde,4.08,11.1,O,42.4,subiendo,3.93,12.8
2026-02-20,amanecer,3.16,11.2,NO,18.2,bajando,3.66,12.7
2026-02-20,mediodia,2.74,11.2,NO,15.1,bajando,0.12,12.7
2026-02-20,tarde,2.32,11.0,NO,9.5,subiendo,3.58,12.7
2026-02-21,amanecer,1.42,10.5,S,6.8,bajando,3.75,12.6
2026-02-21,mediodia,1.36,11.3,NE,6.9,bajando,0.14,12.8
2026-02-21,tarde,1.4,12.3,NE,11.0,subiendo,3.12,12.9
2026-02-22,amanecer,1.14,12.2,S,6.5,subiendo,3.72,12.6
2026-02-22,mediodia,1.18,12.4,NO,5.8,bajando,0.56,12.8
2026-02-22,tarde,1.16,12.1,NE,2.7,subiendo,2.59,12.9
2026-02-23,amanecer,1.22,12.1,SE,2.8,subiendo,3.38,12.6
2026-02-23,mediodia,1.36,13.1,NE,6.1,bajando,1.19,12.7
2026-02-23,tarde,1.58,13.7,NE,9.8,subiendo,2.05,12.9
2026-02-24,amanecer,1.64,13.6,S,23.1,subiendo,2.89,12.7
2026-02-24,mediodia,1.74,13.7,S,24.1,bajando,1.98,12.8
2026-02-24,tarde,1.52,12.9,S,19.9,subiendo,1.69,13.0
2026-02-25,amanecer,1.04,11.6,S,20.3,subiendo,2.24,12.8
2026-02-25,mediodia,1.02,12.2,S,22.0,bajando,2.58,13.0
2026-02-25,tarde,1.02,12.9,O,8.6,subiendo,1.4,13.2
2026-02-26,amanecer,1.1,13.1,S,5.3,subiendo,1.51,12.8
2026-02-26,mediodia,0.96,12.6,NE,3.4,subiendo,2.8,13.1
2026-02-26,tarde,0.96,12.8,E,8.6,bajando,1.34,13.4
2026-02-27,amanecer,0.98,11.8,SO,8.1,bajando,1.09,13.0
2026-02-27,mediodia,0.96,11.3,NO,8.6,subiendo,2.88,13.1
2026-02-27,tarde,0.94,10.8,NO,7.3,bajando,1.61,13.3
2026-02-28,amanecer,1.54,9.4,O,12.5,bajando,0.82,13.0
2026-02-28,mediodia,1.76,10.3,O,11.8,subiendo,2.54,13.1
2026-02-28,tarde,1.74,10.6,NO,11.9,bajando,2.08,13.1
2026-03-01,amanecer,1.76,11.8,S,8.9,bajando,0.95,12.9
2026-03-01,mediodia,1.5,11.3,SE,5.3,subiendo,2.13,13.1
2026-03-01,tarde,1.3,11.1,SE,14.7,bajando,2.8,13.3
2026-03-02,amanecer,1.2,9.9,S,28.6,bajando,1.43,13.0
2026-03-02,mediodia,1.28,11.2,S,26.4,subiendo,1.62,13.0
2026-03-02,tarde,1.32,11.9,SE,21.7,bajando,3.43,13.1
2026-03-03,amanecer,1.12,11.4,E,4.9,bajando,2.0,13.0
2026-03-03,mediodia,1.28,12.4,E,7.7,subiendo,0.99,13.2
2026-03-03,tarde,1.52,12.9,E,14.4,bajando,3.74,13.3
2026-03-04,amanecer,1.94,13.8,SE,9.8,bajando,2.71,13.1
2026-03-04,mediodia,1.5,12.4,NE,6.6,subiendo,0.59,13.3
2026-03-04,tarde,1.28,11.7,E,11.6,subiendo,3.93,13.5
2026-03-05,amanecer,0.78,10.3,S,29.0,bajando,3.3,13.2
2026-03-05,mediodia,0.72,10.2,NO,19.5,subiendo,0.39,13.3
2026-03-05,tarde,0.82,8.8,NO,10.1,subiendo,3.87,13.4
2026-03-06,amanecer,1.4,13.1,O,12.2,bajando,3.59,13.3
2026-03-06,mediodia,1.92,11.2,N,17.0,bajando,0.35,13.3
2026-03-06,tarde,2.4,10.7,NO,21.0,subiendo,3.58,13.3
2026-03-07,amanecer,1.98,10.7,SO,5.1,bajando,3.61,13.1
2026-03-07,mediodia,1.82,10.9,O,15.7,bajando,0.5,13.2
2026-03-07,tarde,1.66,10.8,NO,13.1,subiendo,3.22,13.2
2026-03-08,amanecer,1.78,12.8,N,0.5,subiendo,3.41,13.1
2026-03-08,mediodia,1.72,12.9,O,1.3,bajando,0.81,13.1
2026-03-08,tarde,1.66,12.7,NE,7.1,subiendo,2.83,13.2
2026-03-09,amanecer,1.76,13.4,S,13.6,subiendo,3.19,13.0
2026-03-09,mediodia,1.6,12.7,S,10.6,bajando,1.26,13.2
2026-03-09,tarde,1.5,12.4,NE,8.5,subiendo,2.46,13.4
2026-03-10,amanecer,1.5,12.4,O,9.2,subiendo,2.84,13.1
2026-03-10,mediodia,1.52,12.6,NO,13.5,bajando,1.65,13.3
2026-03-10,tarde,1.56,12.8,NO,6.4,subiendo,2.04,13.4
2026-03-11,amanecer,1.24,11.9,S,9.3,subiendo,2.46,13.1
2026-03-11,mediodia,1.52,12.7,O,8.5,bajando,2.02,13.2
2026-03-11,tarde,1.76,11.9,O,20.3,subiendo,1.74,13.2
2026-03-12,amanecer,2.5,13.1,SE,7.0,subiendo,2.0,13.1
2026-03-12,mediodia,2.38,12.8,N,7.0,bajando,2.32,13.4
2026-03-12,tarde,2.08,12.2,NE,9.2,subiendo,1.62,13.6
2026-03-13,amanecer,1.8,12.4,S,5.8,subiendo,1.64,13.2
2026-03-13,mediodia,1.92,12.7,NO,7.6,subiendo,2.54,13.5
2026-03-13,tarde,2.34,13.6,SE,0.3,bajando,1.71,13.7
2026-03-14,amanecer,3.44,13.4,O,18.2,bajando,1.41,13.3
2026-03-14,mediodia,3.28,12.8,NO,10.8,subiendo,2.68,13.3
2026-03-14,tarde,2.98,12.6,O,8.5,bajando,1.9,13.2
2026-03-15,amanecer,2.18,10.5,N,19.4,bajando,1.19,13.1
2026-03-15,mediodia,2.1,10.8,N,14.4,subiendo,2.57,13.2
2026-03-15,tarde,1.98,11.1,NO,18.1,bajando,2.09,13.2
2026-03-16,amanecer,1.44,11.0,S,6.7,bajando,1.06,13.1
2026-03-16,mediodia,1.58,13.6,NO,11.5,subiendo,2.25,13.2
2026-03-16,tarde,2.22,16.1,NO,5.7,bajando,2.44,13.4
2026-03-17,amanecer,2.72,15.3,S,4.3,bajando,1.29,13.0
2026-03-17,mediodia,2.52,15.4,NE,3.2,subiendo,1.96,13.4
2026-03-17,tarde,2.28,15.2,E,12.4,bajando,3.06,13.7
2026-03-18,amanecer,1.8,14.3,E,4.3,bajando,1.73,13.3
2026-03-18,mediodia,1.72,14.1,N,6.8,subiendo,1.49,13.6
2026-03-18,tarde,1.64,14.3,NO,6.0,bajando,3.57,14.1
2026-03-19,amanecer,1.84,14.2,E,8.8,bajando,2.24,13.5
2026-03-19,mediodia,1.64,13.4,SE,12.7,subiendo,0.89,13.9
2026-03-19,tarde,1.46,13.1,SE,8.7,bajando,3.91,14.3
2026-03-20,amanecer,1.18,12.8,SE,13.4,bajando,2.9,13.6
2026-03-20,mediodia,0.98,11.8,E,10.8,subiendo,0.45,13.9
2026-03-20,tarde,0.98,11.9,NE,10.6,subiendo,4.1,14.1
2026-03-21,amanecer,0.92,12.1,S,7.9,bajando,3.49,13.5
2026-03-21,mediodia,0.68,10.5,N,8.3,subiendo,0.22,13.8
2026-03-21,tarde,0.64,10.8,N,6.4,subiendo,4.05,14.0
2026-03-22,amanecer,0.82,12.4,SO,9.7,bajando,3.84,13.6
2026-03-22,mediodia,1.2,12.4,O,18.8,bajando,0.27,13.7
2026-03-22,tarde,1.48,12.6,NO,16.8,subiendo,3.68,13.9
2026-03-23,amanecer,1.5,12.3,SO,15.9,subiendo,3.84,13.7
2026-03-23,mediodia,1.46,12.2,NO,11.5,bajando,0.58,13.9
2026-03-23,tarde,1.28,11.7,NO,8.4,subiendo,3.04,14.1
2026-03-24,amanecer,1.26,12.0,S,7.0,subiendo,3.44,13.7
2026-03-24,mediodia,1.22,11.8,N,9.6,bajando,1.16,13.9
2026-03-24,tarde,1.16,11.8,NE,8.4,subiendo,2.39,14.1
2026-03-25,amanecer,1.0,11.2,O,20.0,subiendo,2.84,13.8
2026-03-25,mediodia,1.22,8.6,NO,19.2,bajando,1.86,13.8
2026-03-25,tarde,1.82,7.8,NO,22.3,subiendo,1.82,13.7
2026-03-26,amanecer,2.84,10.4,N,21.1,subiendo,2.17,13.6
2026-03-26,mediodia,2.64,10.6,N,21.2,bajando,2.49,13.7
2026-03-26,tarde,2.4,10.6,N,18.3,subiendo,1.46,13.7
2026-03-27,amanecer,1.92,10.8,E,4.6,subiendo,1.5,13.6
2026-03-27,mediodia,1.74,10.8,NE,14.8,subiendo,2.83,13.7
2026-03-27,tarde,1.6,10.6,N,13.1,bajando,1.35,13.7
2026-03-28,amanecer,1.34,13.6,S,2.3,subiendo,0.96,13.5
2026-03-28,mediodia,1.4,13.6,NO,12.9,subiendo,2.84,13.5
2026-03-28,tarde,1.78,10.5,N,25.6,bajando,1.47,13.6
2026-03-29,amanecer,2.64,10.4,N,20.6,bajando,0.67,13.4
2026-03-29,mediodia,2.46,10.2,N,22.2,subiendo,2.57,13.5
2026-03-29,tarde,2.32,10.6,N,24.7,bajando,1.82,13.5
2026-03-30,amanecer,1.58,9.8,NO,14.3,bajando,0.72,13.4
2026-03-30,mediodia,1.52,8.3,O,22.1,subiendo,2.24,13.4
2026-03-30,tarde,1.98,8.3,O,33.4,bajando,2.43,13.4
2026-03-31,amanecer,2.46,12.3,N,14.9,bajando,1.04,13.3
2026-03-31,mediodia,2.38,13.2,N,10.2,subiendo,1.81,13.4
2026-03-31,tarde,2.36,13.4,N,21.0,bajando,2.98,13.4
2026-04-01,amanecer,1.92,11.4,N,18.2,bajando,1.55,13.2
2026-04-01,mediodia,1.76,10.8,N,19.3,subiendo,1.38,13.4
2026-04-01,tarde,1.7,9.5,NO,26.7,bajando,3.45,13.4
2026-04-02,amanecer,1.76,7.9,N,19.6,bajando,2.19,13.2
2026-04-02,mediodia,1.54,7.2,NO,22.5,subiendo,1.01,13.3
2026-04-02,tarde,1.42,7.2,NO,17.5,bajando,3.7,13.3
2026-04-03,amanecer,1.04,7.1,NO,10.1,bajando,2.69,13.2
2026-04-03,mediodia,0.96,8.0,O,14.6,subiendo,0.68,13.3
2026-04-03,tarde,0.9,8.7,N,2.5,subiendo,3.7,13.5
2026-04-04,amanecer,1.32,12.1,SE,6.6,bajando,3.02,13.1
2026-04-04,mediodia,1.56,11.8,NE,6.5,subiendo,0.54,13.6
2026-04-04,tarde,1.56,11.8,E,12.1,subiendo,3.67,14.1
2026-04-05,amanecer,1.62,12.8,SO,1.0,bajando,3.23,13.3
2026-04-05,mediodia,1.54,11.9,N,7.8,bajando,0.56,13.8
2026-04-05,tarde,1.88,12.6,N,8.0,subiendo,3.38,14.2
2026-04-06,amanecer,1.7,11.9,E,2.4,bajando,3.23,13.5
2026-04-06,mediodia,1.54,11.7,SE,11.0,bajando,0.77,14.1
2026-04-06,tarde,1.34,11.6,SE,13.7,subiendo,3.15,14.8
2026-04-07,amanecer,0.94,8.8,S,35.5,subiendo,3.16,13.5
2026-04-07,mediodia,0.96,12.6,S,26.8,bajando,1.12,13.6
2026-04-07,tarde,1.2,14.6,SE,8.8,subiendo,2.79,14.1
2026-04-08,amanecer,1.72,15.2,S,5.8,subiendo,2.92,13.8
2026-04-08,mediodia,1.7,14.6,N,8.9,bajando,1.45,14.4
2026-04-08,tarde,1.66,14.1,N,3.9,subiendo,2.33,15.0
2026-04-09,amanecer,1.46,12.5,S,3.0,subiendo,2.63,14.2
2026-04-09,mediodia,1.6,13.0,NO,8.9,bajando,1.87,14.7
2026-04-09,tarde,1.32,11.1,O,12.2,subiendo,1.97,15.1
2026-04-10,amanecer,1.12,10.1,SO,5.3,subiendo,2.25,14.6
2026-04-10,mediodia,1.26,10.7,NE,9.7,bajando,2.3,15.1
2026-04-10,tarde,1.62,12.7,NE,14.5,subiendo,1.81,15.5
2026-04-11,amanecer,1.96,11.9,O,19.7,subiendo,1.87,14.7
2026-04-11,mediodia,1.94,10.3,O,14.1,bajando,2.58,14.7
2026-04-11,tarde,2.16,10.2,NO,14.6,bajando,1.59,14.6
2026-04-12,amanecer,3.14,14.2,E,4.0,subiendo,1.39,14.4
2026-04-12,mediodia,3.28,14.3,NE,3.0,subiendo,2.73,14.4
2026-04-12,tarde,3.22,14.3,N,8.3,bajando,1.59,14.4
2026-04-13,amanecer,2.58,12.5,O,15.0,bajando,1.08,14.2
2026-04-13,mediodia,2.4,12.0,NO,17.7,subiendo,2.84,14.2
2026-04-13,tarde,2.12,11.4,NO,18.0,bajando,1.78,14.3
2026-04-14,amanecer,1.74,12.0,S,6.3,bajando,0.85,14.1
2026-04-14,mediodia,1.3,10.9,N,2.1,subiendo,2.72,14.5
2026-04-14,tarde,1.08,10.2,O,7.7,bajando,2.07,14.8
2026-04-15,amanecer,0.86,9.1,SE,5.3,bajando,0.83,14.2
2026-04-15,mediodia,0.84,9.4,NE,10.7,subiendo,2.4,14.9
2026-04-15,tarde,0.92,10.0,NE,10.2,bajando,2.57,15.2
2026-04-16,amanecer,1.1,11.1,SE,1.7,bajando,1.11,14.6
2026-04-16,mediodia,1.34,12.9,NE,12.6,subiendo,1.94,15.2
2026-04-16,tarde,1.64,13.4,NE,12.3,bajando,3.22,15.5
2026-04-17,amanecer,1.56,12.2,S,7.6,bajando,1.67,14.8
2026-04-17,mediodia,1.3,10.9,N,8.2,subiendo,1.33,15.4
2026-04-17,tarde,1.1,10.2,NO,8.1,bajando,3.74,15.9
2026-04-18,amanecer,1.06,10.4,O,4.4,bajando,2.37,15.2
2026-04-18,mediodia,0.98,10.2,N,8.0,subiendo,0.74,15.7
2026-04-18,tarde,0.92,9.8,N,9.5,subiendo,4.05,16.1
2026-04-19,amanecer,0.9,9.0,SE,6.0,bajando,3.08,15.5
2026-04-19,mediodia,0.9,8.7,NE,10.4,subiendo,0.38,16.0
2026-04-19,tarde,0.84,7.7,N,9.9,subiendo,4.09,16.5
2026-04-20,amanecer,0.8,7.5,S,9.7,bajando,3.6,15.7
2026-04-20,mediodia,0.66,7.8,N,10.9,bajando,0.36,16.4
2026-04-20,tarde,0.64,8.2,O,6.2,subiendo,3.83,17.0
2026-04-21,amanecer,0.58,8.1,SE,3.6,subiendo,3.73,16.3
2026-04-21,mediodia,0.6,9.4,NE,10.9,bajando,0.68,17.0
2026-04-21,tarde,0.74,10.9,E,21.8,subiendo,3.31,17.4
2026-04-22,amanecer,0.82,12.4,S,7.9,subiendo,3.48,16.1
2026-04-22,mediodia,1.06,12.2,O,25.0,bajando,1.2,16.3
2026-04-22,tarde,1.1,11.2,O,15.2,subiendo,2.53,16.4
2026-04-23,amanecer,0.72,10.2,SE,8.5,subiendo,2.84,16.0
2026-04-23,mediodia,0.56,8.9,E,8.2,bajando,1.9,16.7
2026-04-23,tarde,0.56,8.4,E,16.9,subiendo,1.95,17.0
2026-04-24,amanecer,0.36,9.3,S,9.8,subiendo,2.19,16.2
2026-04-24,mediodia,0.32,9.1,NO,11.4,bajando,2.53,16.9
2026-04-24,tarde,0.34,10.3,O,12.9,subiendo,1.46,17.4
2026-04-25,amanecer,0.52,5.6,SO,9.1,subiendo,1.52,16.7
2026-04-25,mediodia,0.48,6.0,NO,10.8,bajando,2.92,16.9
2026-04-25,tarde,0.48,6.2,NO,6.8,bajando,1.28,17.1
2026-04-26,amanecer,0.34,6.2,O,3.2,subiendo,1.06,16.8
2026-04-26,mediodia,0.38,6.3,N,8.0,subiendo,3.05,17.2
2026-04-26,tarde,0.36,5.5,NE,9.9,bajando,1.38,17.5
2026-04-27,amanecer,0.26,6.3,N,3.6,bajando,0.8,16.8
2026-04-27,mediodia,0.26,6.8,N,7.3,subiendo,2.96,17.2
2026-04-27,tarde,0.26,7.3,N,7.0,bajando,1.74,17.4
2026-04-28,amanecer,0.32,6.8,SO,4.5,bajando,0.84,16.8
2026-04-28,mediodia,0.34,6.5,NE,6.9,subiendo,2.75,17.3
2026-04-28,tarde,0.4,7.8,N,10.1,bajando,2.26,17.7
2026-04-29,amanecer,0.48,8.4,E,7.7,bajando,1.08,17.2
2026-04-29,mediodia,0.6,7.5,E,13.5,subiendo,2.46,17.5
2026-04-29,tarde,0.66,8.5,SE,14.8,bajando,2.82,17.9
2026-04-30,amanecer,0.62,12.8,S,19.7,bajando,1.38,17.2
2026-04-30,mediodia,0.74,14.6,N,7.1,subiendo,1.99,17.7
2026-04-30,tarde,0.94,15.2,N,7.8,bajando,3.18,18.2
2026-05-01,amanecer,1.16,14.2,SE,5.2,bajando,1.78,17.4
2026-05-01,mediodia,1.08,13.1,NE,10.6,subiendo,1.58,17.8
2026-05-01,tarde,1.04,12.7,E,14.1,bajando,3.49,18.2
2026-05-02,amanecer,0.96,9.2,S,39.7,bajando,2.31,16.1
2026-05-02,mediodia,0.8,11.1,S,23.2,subiendo,1.26,16.0
2026-05-02,tarde,0.76,10.9,SE,7.7,bajando,3.66,16.3
2026-05-03,amanecer,0.66,10.0,SO,4.2,bajando,2.76,16.1
2026-05-03,mediodia,0.6,9.3,S,9.0,subiendo,1.04,16.9
2026-05-03,tarde,0.64,8.9,NE,11.4,subiendo,3.7,17.1
2026-05-04,amanecer,0.66,8.2,O,10.5,bajando,3.04,16.5
2026-05-04,mediodia,0.76,7.2,O,22.6,subiendo,0.91,16.5
2026-05-04,tarde,0.86,6.7,NO,13.2,subiendo,3.56,16.6
2026-05-05,amanecer,0.78,6.8,O,13.3,bajando,3.18,16.4
2026-05-05,mediodia,0.82,6.8,O,15.3,bajando,0.97,16.5
2026-05-05,tarde,0.94,6.5,O,18.7,subiendo,3.39,16.6
2026-05-06,amanecer,0.98,5.7,O,19.6,bajando,3.22,16.0
2026-05-06,mediodia,1.12,5.8,O,21.1,bajando,1.16,16.0
2026-05-06,tarde,1.04,6.1,NO,10.1,subiendo,3.07,16.1
2026-05-07,amanecer,0.7,6.5,SE,8.0,subiendo,3.09,15.9
2026-05-07,mediodia,0.62,6.1,NE,16.7,bajando,1.45,16.2
2026-05-07,tarde,0.58,6.2,SE,15.8,subiendo,2.68,16.4
2026-05-08,amanecer,0.48,7.2,SE,14.4,subiendo,2.88,16.0
2026-05-08,mediodia,0.46,7.0,SE,13.1,bajando,1.82,16.4
2026-05-08,tarde,0.4,7.3,N,1.3,subiendo,2.25,16.7
2026-05-09,amanecer,0.56,9.2,S,23.2,subiendo,2.54,16.1
2026-05-09,mediodia,0.56,11.4,E,8.6,bajando,2.2,16.4
2026-05-09,tarde,0.56,11.2,SE,14.0,subiendo,1.87,16.9
2026-05-10,amanecer,0.52,9.9,S,17.1,subiendo,2.1,16.2
2026-05-10,mediodia,0.44,10.0,SO,8.8,bajando,2.57,16.8
2026-05-10,tarde,0.44,10.7,SE,8.5,subiendo,1.59,17.0
2026-05-11,amanecer,0.66,9.2,S,14.5,subiendo,1.59,16.3
2026-05-11,mediodia,0.72,9.2,NO,14.3,bajando,2.86,16.6
2026-05-11,tarde,0.72,8.6,NO,9.2,bajando,1.41,17.0
2026-05-12,amanecer,0.78,7.2,S,3.6,subiendo,1.13,16.6
2026-05-12,mediodia,0.76,7.3,N,11.2,subiendo,3.07,17.1
2026-05-12,tarde,0.76,6.8,NO,13.5,bajando,1.43,17.4
2026-05-13,amanecer,0.76,5.2,NO,12.4,bajando,0.81,16.9
2026-05-13,mediodia,0.9,5.2,O,18.6,subiendo,3.14,17.0
2026-05-13,tarde,1.06,5.7,NO,22.7,bajando,1.71,17.1
2026-05-14,amanecer,1.78,6.8,O,27.7,bajando,0.78,16.8
2026-05-14,mediodia,2.06,7.5,O,26.1,subiendo,3.07,16.7
2026-05-14,tarde,2.26,8.0,O,26.8,bajando,2.31,16.7
2026-05-15,amanecer,2.34,8.6,NO,13.0,bajando,1.01,16.4
2026-05-15,mediodia,2.0,8.2,NO,18.5,subiendo,2.65,16.5
2026-05-15,tarde,1.76,8.2,NO,22.2,bajando,2.94,16.5
2026-05-16,amanecer,1.44,7.1,O,18.6,bajando,1.38,16.3
2026-05-16,mediodia,1.52,7.0,NO,19.3,subiendo,1.95,16.3
2026-05-16,tarde,1.26,6.8,NO,13.8,bajando,3.54,16.3
2026-05-17,amanecer,0.86,6.7,S,9.3,bajando,2.08,16.2
2026-05-17,mediodia,0.82,6.7,NO,11.9,subiendo,1.23,16.7
2026-05-17,tarde,0.82,6.5,NO,13.4,bajando,3.97,17.0
2026-05-18,amanecer,0.92,10.3,SO,5.5,bajando,2.83,16.3
2026-05-18,mediodia,1.22,11.1,N,8.9,subiendo,0.7,16.7
2026-05-18,tarde,1.32,11.0,NE,9.4,subiendo,4.12,17.1
2026-05-19,amanecer,1.04,10.1,S,9.2,bajando,3.44,16.3
2026-05-19,mediodia,1.02,10.1,NO,9.7,subiendo,0.46,17.1
2026-05-19,tarde,1.08,10.1,NE,14.9,subiendo,3.84,17.4
2026-05-20,amanecer,1.04,9.7,S,5.1,bajando,3.54,16.2
2026-05-20,mediodia,1.08,9.8,N,12.9,bajando,0.53,17.0
2026-05-20,tarde,1.44,11.6,NE,11.4,subiendo,3.24,17.3
2026-05-21,amanecer,1.2,10.8,S,6.1,subiendo,3.37,16.5
2026-05-21,mediodia,1.02,10.2,E,5.2,bajando,1.04,17.5
2026-05-21,tarde,0.88,9.7,E,1.5,subiendo,2.6,18.2
2026-05-22,amanecer,0.62,9.1,SE,6.2,subiendo,2.89,17.5
2026-05-22,mediodia,0.58,9.6,E,7.3,bajando,1.7,18.4
2026-05-22,tarde,0.6,9.8,E,14.8,subiendo,1.91,19.1
2026-05-23,amanecer,0.78,8.0,SO,4.8,subiendo,2.26,17.9
2026-05-23,mediodia,0.64,8.7,N,6.8,bajando,2.34,18.7
2026-05-23,tarde,0.6,9.2,N,4.4,subiendo,1.38,19.3
2026-05-24,amanecer,0.48,9.2,S,4.9,subiendo,1.68,18.5
2026-05-24,mediodia,0.5,9.5,NE,7.6,bajando,2.82,19.3
2026-05-24,tarde,0.44,8.7,E,10.5,bajando,1.14,20.2
2026-05-25,amanecer,0.48,6.7,S,27.3,subiendo,1.23,18.2
2026-05-25,mediodia,0.5,10.3,SE,13.9,subiendo,3.05,18.9
2026-05-25,tarde,0.6,12.1,E,7.2,bajando,1.15,19.9
2026-05-26,amanecer,1.2,14.2,S,19.9,subiendo,0.96,18.4
2026-05-26,mediodia,0.96,12.3,SE,10.9,subiendo,3.04,19.3
2026-05-26,tarde,0.92,11.8,SE,9.6,bajando,1.43,20.0
2026-05-27,amanecer,0.82,10.9,SE,5.1,bajando,0.87,19.0
2026-05-27,mediodia,0.84,10.6,NE,7.8,subiendo,2.89,19.8
2026-05-27,tarde,0.78,10.2,N,8.9,bajando,1.85,20.6
2026-05-28,amanecer,0.58,9.4,S,4.7,bajando,0.97,19.7
2026-05-28,mediodia,0.54,9.6,N,7.4,subiendo,2.66,20.5
2026-05-28,tarde,0.5,8.9,NE,13.0,bajando,2.33,21.4
2026-05-29,amanecer,0.62,5.7,O,7.7,bajando,1.21,19.9
2026-05-29,mediodia,0.64,5.8,NO,9.7,subiendo,2.34,20.4
2026-05-29,tarde,0.6,6.2,NO,9.9,bajando,2.77,20.9
2026-05-30,amanecer,0.58,6.0,O,6.6,bajando,1.58,20.2
2026-05-30,mediodia,0.58,6.1,NO,7.8,subiendo,1.98,20.4
2026-05-30,tarde,0.66,5.8,NO,13.6,bajando,3.15,20.5
2026-05-31,amanecer,0.7,8.1,O,13.2,bajando,1.99,20.1
2026-05-31,mediodia,0.76,8.9,NO,11.2,subiendo,1.58,20.3
2026-05-31,tarde,0.8,9.0,N,6.5,bajando,3.4,20.6
2026-06-01,amanecer,0.7,9.2,S,5.1,bajando,2.44,20.1
2026-06-01,mediodia,0.64,9.2,N,6.3,subiendo,1.28,20.6
2026-06-01,tarde,0.64,9.2,N,10.4,subiendo,3.56,20.9
2026-06-02,amanecer,0.58,7.2,SO,13.6,bajando,2.81,20.3
2026-06-02,mediodia,0.86,5.5,O,20.0,subiendo,1.03,20.2
2026-06-02,tarde,1.16,5.8,O,17.9,subiendo,3.53,20.2
2026-06-03,amanecer,1.3,7.3,O,11.3,bajando,3.03,20.3
2026-06-03,mediodia,1.24,7.8,N,8.2,bajando,0.96,20.7
2026-06-03,tarde,1.18,8.2,N,8.8,subiendo,3.47,21.2
2026-06-04,amanecer,1.26,8.5,O,18.0,bajando,3.2,20.5
2026-06-04,mediodia,1.6,8.0,O,18.2,bajando,1.04,20.3
2026-06-04,tarde,1.9,9.1,O,14.5,subiendo,3.23,20.3
2026-06-05,amanecer,2.02,10.3,O,8.4,subiendo,3.17,20.1
2026-06-05,mediodia,1.88,10.7,NO,3.8,bajando,1.22,20.5
2026-06-05,tarde,1.72,10.5,NE,12.5,subiendo,2.9,20.5
2026-06-06,amanecer,1.18,10.1,SO,9.8,subiendo,3.05,20.1
2026-06-06,mediodia,1.16,9.1,NO,13.8,bajando,1.47,20.2
2026-06-06,tarde,1.5,9.1,NO,12.2,subiendo,2.36,20.2
2026-06-07,amanecer,2.08,11.2,E,8.4,subiendo,2.74,20.0
2026-06-07,mediodia,1.68,10.3,NE,14.9,bajando,1.87,20.4
2026-06-07,tarde,1.42,9.9,NE,15.3,subiendo,1.97,20.8
2026-06-08,amanecer,1.14,8.4,NO,8.1,subiendo,2.38,20.3
2026-06-08,mediodia,1.12,9.2,NO,11.2,bajando,2.3,20.3
2026-06-08,tarde,1.06,8.9,N,9.2,subiendo,1.53,20.5
2026-06-09,amanecer,1.12,7.6,NO,12.3,subiendo,1.86,20.2
2026-06-09,mediodia,1.08,7.5,N,13.8,bajando,2.71,20.3
2026-06-09,tarde,1.04,7.7,N,11.9,bajando,1.24,20.5
2026-06-10,amanecer,1.26,9.5,SO,9.4,subiendo,1.34,20.0
2026-06-10,mediodia,1.3,9.7,NO,13.0,bajando,3.03,20.1
2026-06-10,tarde,1.3,9.6,NO,12.2,bajando,1.12,20.2
2026-06-11,amanecer,1.04,8.8,SE,3.0,subiendo,0.88,20.0
2026-06-11,mediodia,0.94,8.6,N,8.4,subiendo,3.18,20.4
2026-06-11,tarde,0.86,8.3,N,9.7,bajando,1.22,20.7
2026-06-12,amanecer,0.72,8.2,SE,4.1,bajando,0.6,20.1
2026-06-12,mediodia,0.74,8.5,N,10.6,subiendo,3.08,20.6
2026-06-12,tarde,0.7,8.1,NE,12.0,bajando,1.63,20.9
2026-06-13,amanecer,0.86,8.8,SE,3.7,bajando,0.67,20.4
2026-06-13,mediodia,0.84,8.9,NE,14.2,subiendo,2.76,21.3
2026-06-13,tarde,0.9,9.0,E,18.2,bajando,2.37,21.4
2026-06-14,amanecer,0.84,10.2,SE,8.7,bajando,1.13,20.6
2026-06-14,mediodia,0.84,10.1,N,8.5,subiendo,2.22,21.4
2026-06-14,tarde,0.72,9.6,O,11.4,bajando,3.23,22.4
2026-06-15,amanecer,0.66,8.2,O,4.5,bajando,1.84,21.2
2026-06-15,mediodia,0.62,7.5,NO,10.4,subiendo,1.53,21.9
2026-06-15,tarde,0.62,6.3,O,11.9,bajando,3.88,22.4
2026-06-16,amanecer,0.62,5.8,O,6.7,bajando,2.68,21.5
2026-06-16,mediodia,0.72,6.8,N,7.5,subiendo,0.89,22.0
2026-06-16,tarde,0.64,6.3,N,9.2,subiendo,4.14,22.3
2026-06-17,amanecer,0.48,7.6,S,4.4,bajando,3.33,21.7
2026-06-17,mediodia,0.48,8.3,N,7.1,subiendo,0.51,22.4
2026-06-17,tarde,0.56,9.3,O,10.9,subiendo,4.01,23.1
2026-06-18,amanecer,0.68,7.8,E,8.0,bajando,3.69,22.2
2026-06-18,mediodia,0.68,8.2,N,9.8,bajando,0.53,23.0
2026-06-18,tarde,0.64,8.3,O,10.7,subiendo,3.56,23.7
2026-06-19,amanecer,0.62,8.6,O,5.2,subiendo,3.62,22.6
2026-06-19,mediodia,0.62,8.7,N,9.9,bajando,0.86,23.1
2026-06-19,tarde,0.58,8.2,O,13.6,subiendo,2.89,23.6
2026-06-20,amanecer,0.52,6.2,SO,2.3,subiendo,3.22,22.8
2026-06-20,mediodia,0.48,6.2,NE,11.8,bajando,1.42,23.5
2026-06-20,tarde,0.46,6.5,NE,12.4,subiendo,2.17,24.1
2026-06-21,amanecer,0.52,5.7,SE,5.4,subiendo,2.68,22.8
2026-06-21,mediodia,0.46,5.8,E,9.0,bajando,2.04,23.8
2026-06-21,tarde,0.48,6.4,NE,10.9,subiendo,1.63,24.5
2026-06-22,amanecer,0.36,6.5,SE,7.3,subiendo,2.18,23.2
2026-06-22,mediodia,0.36,6.8,E,8.4,bajando,2.63,24.0
2026-06-22,tarde,0.36,5.8,N,7.8,subiendo,1.31,24.7
2026-06-23,amanecer,0.32,7.2,S,6.6,subiendo,1.75,23.3
2026-06-23,mediodia,0.32,7.4,N,8.1,bajando,2.95,24.2
2026-06-23,tarde,0.32,7.5,N,3.2,bajando,1.23,25.0
2026-06-24,amanecer,0.34,6.4,S,20.0,subiendo,1.44,23.6
2026-06-24,mediodia,0.32,6.2,NE,9.3,subiendo,3.1,24.6
2026-06-24,tarde,0.36,4.4,NE,22.6,bajando,1.42,24.6
2026-06-25,amanecer,0.38,4.5,NE,2.7,subiendo,1.27,23.3
2026-06-25,mediodia,0.4,5.2,E,7.1,subiendo,3.06,24.1
2026-06-25,tarde,0.42,5.8,E,7.7,bajando,1.72,24.6
2026-06-26,amanecer,0.56,5.9,SE,5.6,bajando,1.18,23.6
2026-06-26,mediodia,0.5,6.5,N,11.6,subiendo,2.85,24.2
2026-06-26,tarde,0.48,6.5,NE,10.4,bajando,2.11,24.7
2026-06-27,amanecer,0.52,7.0,O,10.5,bajando,1.3,23.7
2026-06-27,mediodia,0.5,6.5,NO,7.6,subiendo,2.6,24.2
2026-06-27,tarde,0.5,6.8,N,10.6,bajando,2.55,24.8
2026-06-28,amanecer,0.56,5.2,SO,5.3,bajando,1.53,24.1
2026-06-28,mediodia,0.54,5.5,N,9.8,subiendo,2.25,24.2
2026-06-28,tarde,0.56,5.1,N,12.4,bajando,2.95,24.1
2026-06-29,amanecer,0.7,6.3,NE,10.3,bajando,1.82,23.7
2026-06-29,mediodia,1.0,9.2,NE,13.2,subiendo,1.82,23.9
2026-06-29,tarde,1.42,11.1,N,12.4,bajando,3.26,24.1
2026-06-30,amanecer,1.46,10.6,N,4.2,bajando,2.22,23.6
2026-06-30,mediodia,1.32,10.2,N,10.1,subiendo,1.4,24.1
2026-06-30,tarde,1.18,9.7,NO,10.8,bajando,3.46,24.4
